row_index,entry,name,InChIKey,conf_id,boltzmann_weight,cache_file
0,C12,1-chloropinacolin,ULSAJQMHTGKPIY-UHFFFAOYSA-N,137,0.353180893875928,ULSAJQMHTGKPIY-UHFFFAOYSA-N_conf137.npy
0,C12,1-chloropinacolin,ULSAJQMHTGKPIY-UHFFFAOYSA-N,155,0.353180893875928,ULSAJQMHTGKPIY-UHFFFAOYSA-N_conf155.npy
0,C12,1-chloropinacolin,ULSAJQMHTGKPIY-UHFFFAOYSA-N,346,0.1468191061240719,ULSAJQMHTGKPIY-UHFFFAOYSA-N_conf346.npy
0,C12,1-chloropinacolin,ULSAJQMHTGKPIY-UHFFFAOYSA-N,94,0.1468191061240719,ULSAJQMHTGKPIY-UHFFFAOYSA-N_conf94.npy
1,A12,"2,2,2-trifluoroacetophenone",KZJRKRQSDZGHEC-UHFFFAOYSA-N,80,1.0,KZJRKRQSDZGHEC-UHFFFAOYSA-N_conf80.npy
2,D10,"4,4-dimethylcyclohexanone",PXQMSTLNSHMSJB-LBPDFUHNSA-N,193,0.5,PXQMSTLNSHMSJB-LBPDFUHNSA-N_conf193.npy
2,D10,"4,4-dimethylcyclohexanone",PXQMSTLNSHMSJB-LBPDFUHNSA-N,53,0.5,PXQMSTLNSHMSJB-LBPDFUHNSA-N_conf53.npy
3,B5,2-indanone,UMJJFEIKYGFCAT-HOSYLAQJSA-N,81,1.0,UMJJFEIKYGFCAT-HOSYLAQJSA-N_conf81.npy
4,D11(trans),4-tert-butylcyclohexanone (trans),YKFKEYKJGVSEIX-KWYDOPHBSA-N,773,1.0,YKFKEYKJGVSEIX-KWYDOPHBSA-N_conf773.npy
5,D11(cis),4-tert-butylcyclohexanone (cis),YKFKEYKJGVSEIX-BAUXJJEQSA-N,642,1.0,YKFKEYKJGVSEIX-BAUXJJEQSA-N_conf642.npy
6,Dxx(trans),2-methylcyclohexanone(trans),LFSAPCRASZRSKS-LURJTMIESA-N,262,0.9835993957388868,LFSAPCRASZRSKS-LURJTMIESA-N_conf262.npy
6,Dxx(trans),2-methylcyclohexanone(trans),LFSAPCRASZRSKS-LURJTMIESA-N,81,0.0164006042611134,LFSAPCRASZRSKS-LURJTMIESA-N_conf81.npy
7,Dxx(cis),2-methylcyclohexanone(cis),LFSAPCRASZRSKS-ZCFIWIBFSA-N,323,0.9835993957388868,LFSAPCRASZRSKS-ZCFIWIBFSA-N_conf323.npy
7,Dxx(cis),2-methylcyclohexanone(cis),LFSAPCRASZRSKS-ZCFIWIBFSA-N,41,0.0164006042611134,LFSAPCRASZRSKS-ZCFIWIBFSA-N_conf41.npy
8,A4,4'-nitroacetophenone,YQYGPGKTNQNXMH-UHFFFAOYSA-N,335,1.0,YQYGPGKTNQNXMH-UHFFFAOYSA-N_conf335.npy
9,D8(cis),3-methylcyclohexanone (cis),UJBOOUHRTQVGRU-ZCFIWIBFSA-N,20,0.872302754066258,UJBOOUHRTQVGRU-ZCFIWIBFSA-N_conf20.npy
9,D8(cis),3-methylcyclohexanone (cis),UJBOOUHRTQVGRU-ZCFIWIBFSA-N,349,0.127697245933742,UJBOOUHRTQVGRU-ZCFIWIBFSA-N_conf349.npy
10,D8(trans),3-methylcyclohexanone (trans),UJBOOUHRTQVGRU-LURJTMIESA-N,387,0.872302754066258,UJBOOUHRTQVGRU-LURJTMIESA-N_conf387.npy
10,D8(trans),3-methylcyclohexanone (trans),UJBOOUHRTQVGRU-LURJTMIESA-N,8,0.127697245933742,UJBOOUHRTQVGRU-LURJTMIESA-N_conf8.npy
11,C3,4-phenyl-3-butyn-2-one,UPEUQDJSUFHFQP-UHFFFAOYSA-N,252,1.0,UPEUQDJSUFHFQP-UHFFFAOYSA-N_conf252.npy
12,A9,3'-nitroacetophenone,ARKIFHPFTHVKDT-UHFFFAOYSA-N,175,0.7940054985136088,ARKIFHPFTHVKDT-UHFFFAOYSA-N_conf175.npy
12,A9,3'-nitroacetophenone,ARKIFHPFTHVKDT-UHFFFAOYSA-N,273,0.2059945014863911,ARKIFHPFTHVKDT-UHFFFAOYSA-N_conf273.npy
13,B6,2-tetralone,KCKZIWSINLBROE-UHFFFAOYSA-N,247,1.0,KCKZIWSINLBROE-UHFFFAOYSA-N_conf247.npy
14,D9(trans),4-methylcyclohexanone (trans),VGVHNLRUAMRIEW-NFPUQWBCSA-N,351,0.9324921632953256,VGVHNLRUAMRIEW-NFPUQWBCSA-N_conf351.npy
14,D9(trans),4-methylcyclohexanone (trans),VGVHNLRUAMRIEW-NFPUQWBCSA-N,61,0.0675078367046743,VGVHNLRUAMRIEW-NFPUQWBCSA-N_conf61.npy
15,D9(cis),4-methylcyclohexanone (cis),VGVHNLRUAMRIEW-TXNNBAIQSA-N,344,0.9321518691321607,VGVHNLRUAMRIEW-TXNNBAIQSA-N_conf344.npy
15,D9(cis),4-methylcyclohexanone (cis),VGVHNLRUAMRIEW-TXNNBAIQSA-N,110,0.0678481308678391,VGVHNLRUAMRIEW-TXNNBAIQSA-N_conf110.npy
16,D4,cyclohexanone,JHIVVAPYMSGYDF-AZXPZELESA-N,55,0.5013726751236491,JHIVVAPYMSGYDF-AZXPZELESA-N_conf55.npy
16,D4,cyclohexanone,JHIVVAPYMSGYDF-AZXPZELESA-N,288,0.4986273248763508,JHIVVAPYMSGYDF-AZXPZELESA-N_conf288.npy
17,B7,9-fluorenone,YLQWCDOCJODRMT-KHWBWMQUSA-N,298,1.0,YLQWCDOCJODRMT-KHWBWMQUSA-N_conf298.npy
18,D1(cis),3-(benzyloxy)cyclobutanone(cis),GPPSQLLIFNWNSB-VFOIXEAWSA-N,277,0.268791361873571,GPPSQLLIFNWNSB-VFOIXEAWSA-N_conf277.npy
18,D1(cis),3-(benzyloxy)cyclobutanone(cis),GPPSQLLIFNWNSB-VFOIXEAWSA-N,308,0.268791361873571,GPPSQLLIFNWNSB-VFOIXEAWSA-N_conf308.npy
18,D1(cis),3-(benzyloxy)cyclobutanone(cis),GPPSQLLIFNWNSB-VFOIXEAWSA-N,334,0.1684246091490311,GPPSQLLIFNWNSB-VFOIXEAWSA-N_conf334.npy
18,D1(cis),3-(benzyloxy)cyclobutanone(cis),GPPSQLLIFNWNSB-VFOIXEAWSA-N,473,0.1684246091490311,GPPSQLLIFNWNSB-VFOIXEAWSA-N_conf473.npy
18,D1(cis),3-(benzyloxy)cyclobutanone(cis),GPPSQLLIFNWNSB-VFOIXEAWSA-N,427,0.1255680579547956,GPPSQLLIFNWNSB-VFOIXEAWSA-N_conf427.npy
19,D1(trans),3-(benzyloxy)cyclobutanone(trans),GPPSQLLIFNWNSB-VXPBIQBCSA-N,453,0.2687433977668765,GPPSQLLIFNWNSB-VXPBIQBCSA-N_conf453.npy
19,D1(trans),3-(benzyloxy)cyclobutanone(trans),GPPSQLLIFNWNSB-VXPBIQBCSA-N,565,0.2687433977668765,GPPSQLLIFNWNSB-VXPBIQBCSA-N_conf565.npy
19,D1(trans),3-(benzyloxy)cyclobutanone(trans),GPPSQLLIFNWNSB-VXPBIQBCSA-N,75,0.1685729984815354,GPPSQLLIFNWNSB-VXPBIQBCSA-N_conf75.npy
19,D1(trans),3-(benzyloxy)cyclobutanone(trans),GPPSQLLIFNWNSB-VXPBIQBCSA-N,296,0.1683945548501619,GPPSQLLIFNWNSB-VXPBIQBCSA-N_conf296.npy
19,D1(trans),3-(benzyloxy)cyclobutanone(trans),GPPSQLLIFNWNSB-VXPBIQBCSA-N,506,0.1255456511345496,GPPSQLLIFNWNSB-VXPBIQBCSA-N_conf506.npy
20,A11,3'-(trifluoromethyl)acetophenone,ABXGMGUHGLQMAW-UHFFFAOYSA-N,372,0.5766496314140107,ABXGMGUHGLQMAW-UHFFFAOYSA-N_conf372.npy
20,A11,3'-(trifluoromethyl)acetophenone,ABXGMGUHGLQMAW-UHFFFAOYSA-N,30,0.4233503685859892,ABXGMGUHGLQMAW-UHFFFAOYSA-N_conf30.npy
21,E4,2-adamantanone,IYKFYARMMIESOX-VJJZLTLGSA-N,188,1.0,IYKFYARMMIESOX-VJJZLTLGSA-N_conf188.npy
22,A6,4'-(trifluoromethyl)acetophenone,HHAISVSEJFEWBZ-UHFFFAOYSA-N,259,1.0,HHAISVSEJFEWBZ-UHFFFAOYSA-N_conf259.npy
23,C8,2-fluorophenylacetone,BANVZEUCJHUPOI-UHFFFAOYSA-N,208,0.3594286218831826,BANVZEUCJHUPOI-UHFFFAOYSA-N_conf208.npy
23,C8,2-fluorophenylacetone,BANVZEUCJHUPOI-UHFFFAOYSA-N,64,0.3594286218831826,BANVZEUCJHUPOI-UHFFFAOYSA-N_conf64.npy
23,C8,2-fluorophenylacetone,BANVZEUCJHUPOI-UHFFFAOYSA-N,142,0.1405713781168173,BANVZEUCJHUPOI-UHFFFAOYSA-N_conf142.npy
23,C8,2-fluorophenylacetone,BANVZEUCJHUPOI-UHFFFAOYSA-N,355,0.1405713781168173,BANVZEUCJHUPOI-UHFFFAOYSA-N_conf355.npy
24,C2,4-phenyl-2-butanone,AKGGYBADQZYZPD-UHFFFAOYSA-N,509,0.3708070240700495,AKGGYBADQZYZPD-UHFFFAOYSA-N_conf509.npy
24,C2,4-phenyl-2-butanone,AKGGYBADQZYZPD-UHFFFAOYSA-N,325,0.36764260662349,AKGGYBADQZYZPD-UHFFFAOYSA-N_conf325.npy
24,C2,4-phenyl-2-butanone,AKGGYBADQZYZPD-UHFFFAOYSA-N,72,0.1174007185331796,AKGGYBADQZYZPD-UHFFFAOYSA-N_conf72.npy
24,C2,4-phenyl-2-butanone,AKGGYBADQZYZPD-UHFFFAOYSA-N,32,0.1173892642481811,AKGGYBADQZYZPD-UHFFFAOYSA-N_conf32.npy
24,C2,4-phenyl-2-butanone,AKGGYBADQZYZPD-UHFFFAOYSA-N,370,0.0267603865250998,AKGGYBADQZYZPD-UHFFFAOYSA-N_conf370.npy
25,C4,"1,1-dimethoxy-3-butanone",PJCCSZUMZMCWSX-UHFFFAOYSA-N,154,0.2540405910202723,PJCCSZUMZMCWSX-UHFFFAOYSA-N_conf154.npy
25,C4,"1,1-dimethoxy-3-butanone",PJCCSZUMZMCWSX-UHFFFAOYSA-N,278,0.194557228043398,PJCCSZUMZMCWSX-UHFFFAOYSA-N_conf278.npy
25,C4,"1,1-dimethoxy-3-butanone",PJCCSZUMZMCWSX-UHFFFAOYSA-N,55,0.194557228043398,PJCCSZUMZMCWSX-UHFFFAOYSA-N_conf55.npy
25,C4,"1,1-dimethoxy-3-butanone",PJCCSZUMZMCWSX-UHFFFAOYSA-N,131,0.1784224764464658,PJCCSZUMZMCWSX-UHFFFAOYSA-N_conf131.npy
25,C4,"1,1-dimethoxy-3-butanone",PJCCSZUMZMCWSX-UHFFFAOYSA-N,409,0.1784224764464658,PJCCSZUMZMCWSX-UHFFFAOYSA-N_conf409.npy
26,C6,1-cyclopentylethanone,LKENTYLPIUIMFG-UHFFFAOYSA-N,312,0.496123836053491,LKENTYLPIUIMFG-UHFFFAOYSA-N_conf312.npy
26,C6,1-cyclopentylethanone,LKENTYLPIUIMFG-UHFFFAOYSA-N,353,0.496123836053491,LKENTYLPIUIMFG-UHFFFAOYSA-N_conf353.npy
26,C6,1-cyclopentylethanone,LKENTYLPIUIMFG-UHFFFAOYSA-N,280,0.007752327893018,LKENTYLPIUIMFG-UHFFFAOYSA-N_conf280.npy
27,B2,5-chloro-1-indanone,MEDSHTHCZIOVPU-UHFFFAOYSA-N,37,1.0,MEDSHTHCZIOVPU-UHFFFAOYSA-N_conf37.npy
28,C5,2-nonanone,VKCYHJWLYTUGCC-UHFFFAOYSA-N,185,0.4208567250830796,VKCYHJWLYTUGCC-UHFFFAOYSA-N_conf185.npy
28,C5,2-nonanone,VKCYHJWLYTUGCC-UHFFFAOYSA-N,261,0.4208567250830796,VKCYHJWLYTUGCC-UHFFFAOYSA-N_conf261.npy
28,C5,2-nonanone,VKCYHJWLYTUGCC-UHFFFAOYSA-N,100,0.0967249485515546,VKCYHJWLYTUGCC-UHFFFAOYSA-N_conf100.npy
28,C5,2-nonanone,VKCYHJWLYTUGCC-UHFFFAOYSA-N,703,0.0367471944499292,VKCYHJWLYTUGCC-UHFFFAOYSA-N_conf703.npy
28,C5,2-nonanone,VKCYHJWLYTUGCC-UHFFFAOYSA-N,411,0.0248144068323566,VKCYHJWLYTUGCC-UHFFFAOYSA-N_conf411.npy
29,D13(trans),"3,3,5-trimethylcyclohexanone(trans)",POSWICCRDBKBMH-ZETCQYMHSA-N,97,0.996574306173932,POSWICCRDBKBMH-ZETCQYMHSA-N_conf97.npy
29,D13(trans),"3,3,5-trimethylcyclohexanone(trans)",POSWICCRDBKBMH-ZETCQYMHSA-N,325,0.002061750665369,POSWICCRDBKBMH-ZETCQYMHSA-N_conf325.npy
29,D13(trans),"3,3,5-trimethylcyclohexanone(trans)",POSWICCRDBKBMH-ZETCQYMHSA-N,484,0.001363943160699,POSWICCRDBKBMH-ZETCQYMHSA-N_conf484.npy
30,D13(cis),"3,3,5-trimethylcyclohexanone(cis)",POSWICCRDBKBMH-SSDOTTSWSA-N,269,0.996574306173932,POSWICCRDBKBMH-SSDOTTSWSA-N_conf269.npy
30,D13(cis),"3,3,5-trimethylcyclohexanone(cis)",POSWICCRDBKBMH-SSDOTTSWSA-N,143,0.002061750665369,POSWICCRDBKBMH-SSDOTTSWSA-N_conf143.npy
30,D13(cis),"3,3,5-trimethylcyclohexanone(cis)",POSWICCRDBKBMH-SSDOTTSWSA-N,515,0.001363943160699,POSWICCRDBKBMH-SSDOTTSWSA-N_conf515.npy
31,A5,4'-chloroacetophenone,BUZYGTVTZYSBCU-UHFFFAOYSA-N,237,1.0,BUZYGTVTZYSBCU-UHFFFAOYSA-N_conf237.npy
32,A17,"2,2-dimethyl-1-phenylpropan-1-one",OECPUBRNDKXFDX-UHFFFAOYSA-N,323,0.5,OECPUBRNDKXFDX-UHFFFAOYSA-N_conf323.npy
32,A17,"2,2-dimethyl-1-phenylpropan-1-one",OECPUBRNDKXFDX-UHFFFAOYSA-N,97,0.5,OECPUBRNDKXFDX-UHFFFAOYSA-N_conf97.npy
33,A10,3'-chloroacetophenone,UUWJBXKHMMQDED-UHFFFAOYSA-N,268,0.5379026154840522,UUWJBXKHMMQDED-UHFFFAOYSA-N_conf268.npy
33,A10,3'-chloroacetophenone,UUWJBXKHMMQDED-UHFFFAOYSA-N,269,0.4620973845159477,UUWJBXKHMMQDED-UHFFFAOYSA-N_conf269.npy
34,B10,dibenzosuberenone,SNVTZAIYUGUKNI-KCKQSJSWSA-N,182,0.5,SNVTZAIYUGUKNI-KCKQSJSWSA-N_conf182.npy
34,B10,dibenzosuberenone,SNVTZAIYUGUKNI-KCKQSJSWSA-N,411,0.5,SNVTZAIYUGUKNI-KCKQSJSWSA-N_conf411.npy
35,E2(endo),2-norbornanone (endo),KPMKEVXVVHNIEY-PRJDIBJQSA-N,35,1.0,KPMKEVXVVHNIEY-PRJDIBJQSA-N_conf35.npy
36,E2(exo),2-norbornanone (exo),KPMKEVXVVHNIEY-GDVGLLTNSA-N,130,1.0,KPMKEVXVVHNIEY-GDVGLLTNSA-N_conf130.npy
37,D5,cycloheptanone,CGZZMOTZOONQIA-HOSYLAQJSA-N,62,0.6611405833171894,CGZZMOTZOONQIA-HOSYLAQJSA-N_conf62.npy
37,D5,cycloheptanone,CGZZMOTZOONQIA-HOSYLAQJSA-N,15,0.3301600554488644,CGZZMOTZOONQIA-HOSYLAQJSA-N_conf15.npy
37,D5,cycloheptanone,CGZZMOTZOONQIA-HOSYLAQJSA-N,196,0.002993605583538,CGZZMOTZOONQIA-HOSYLAQJSA-N_conf196.npy
37,D5,cycloheptanone,CGZZMOTZOONQIA-HOSYLAQJSA-N,205,0.002993605583538,CGZZMOTZOONQIA-HOSYLAQJSA-N_conf205.npy
37,D5,cycloheptanone,CGZZMOTZOONQIA-HOSYLAQJSA-N,63,0.00271215006687,CGZZMOTZOONQIA-HOSYLAQJSA-N_conf63.npy
38,C7,"1,1-diphenylacetone",DBNWBEGCONIRGQ-UHFFFAOYSA-N,658,0.4553230990735862,DBNWBEGCONIRGQ-UHFFFAOYSA-N_conf658.npy
38,C7,"1,1-diphenylacetone",DBNWBEGCONIRGQ-UHFFFAOYSA-N,895,0.4553230990735862,DBNWBEGCONIRGQ-UHFFFAOYSA-N_conf895.npy
38,C7,"1,1-diphenylacetone",DBNWBEGCONIRGQ-UHFFFAOYSA-N,224,0.0446769009264137,DBNWBEGCONIRGQ-UHFFFAOYSA-N_conf224.npy
38,C7,"1,1-diphenylacetone",DBNWBEGCONIRGQ-UHFFFAOYSA-N,471,0.0446769009264137,DBNWBEGCONIRGQ-UHFFFAOYSA-N_conf471.npy
39,C1,2'-acetonaphthone,XSAYZAUNJMRRIR-UHFFFAOYSA-N,345,0.6612157398025397,XSAYZAUNJMRRIR-UHFFFAOYSA-N_conf345.npy
39,C1,2'-acetonaphthone,XSAYZAUNJMRRIR-UHFFFAOYSA-N,90,0.3387842601974603,XSAYZAUNJMRRIR-UHFFFAOYSA-N_conf90.npy
40,D3,"2,2-dimethylcyclopentanone",FTGZMZBYOHMEPS-UHFFFAOYSA-N,326,1.0,FTGZMZBYOHMEPS-UHFFFAOYSA-N_conf326.npy
41,D12(trans),"2,2,6-trimethylcyclohexanone (trans)",ZPVOLGVTNLDBFI-SSDOTTSWSA-N,314,0.9923441249809696,ZPVOLGVTNLDBFI-SSDOTTSWSA-N_conf314.npy
41,D12(trans),"2,2,6-trimethylcyclohexanone (trans)",ZPVOLGVTNLDBFI-SSDOTTSWSA-N,110,0.0049482816419205,ZPVOLGVTNLDBFI-SSDOTTSWSA-N_conf110.npy
41,D12(trans),"2,2,6-trimethylcyclohexanone (trans)",ZPVOLGVTNLDBFI-SSDOTTSWSA-N,524,0.0026531955194725,ZPVOLGVTNLDBFI-SSDOTTSWSA-N_conf524.npy
41,D12(trans),"2,2,6-trimethylcyclohexanone (trans)",ZPVOLGVTNLDBFI-SSDOTTSWSA-N,159,5.439785763733458e-05,ZPVOLGVTNLDBFI-SSDOTTSWSA-N_conf159.npy
42,D12(cis),"2,2,6-Trimethylcyclohexanone-2",ZPVOLGVTNLDBFI-ZETCQYMHSA-N,50,0.9923441249809696,ZPVOLGVTNLDBFI-ZETCQYMHSA-N_conf50.npy
42,D12(cis),"2,2,6-Trimethylcyclohexanone-2",ZPVOLGVTNLDBFI-ZETCQYMHSA-N,250,0.0049482816419205,ZPVOLGVTNLDBFI-ZETCQYMHSA-N_conf250.npy
42,D12(cis),"2,2,6-Trimethylcyclohexanone-2",ZPVOLGVTNLDBFI-ZETCQYMHSA-N,491,0.0026531955194725,ZPVOLGVTNLDBFI-ZETCQYMHSA-N_conf491.npy
42,D12(cis),"2,2,6-Trimethylcyclohexanone-2",ZPVOLGVTNLDBFI-ZETCQYMHSA-N,122,5.439785763733458e-05,ZPVOLGVTNLDBFI-ZETCQYMHSA-N_conf122.npy
43,C9,5-nonanone,WSGCRAOTEDLMFQ-CDYZYAPPSA-N,172,0.2400039407243132,WSGCRAOTEDLMFQ-CDYZYAPPSA-N_conf172.npy
43,C9,5-nonanone,WSGCRAOTEDLMFQ-CDYZYAPPSA-N,236,0.2400039407243132,WSGCRAOTEDLMFQ-CDYZYAPPSA-N_conf236.npy
43,C9,5-nonanone,WSGCRAOTEDLMFQ-CDYZYAPPSA-N,698,0.2400039407243132,WSGCRAOTEDLMFQ-CDYZYAPPSA-N_conf698.npy
43,C9,5-nonanone,WSGCRAOTEDLMFQ-CDYZYAPPSA-N,715,0.2400039407243132,WSGCRAOTEDLMFQ-CDYZYAPPSA-N_conf715.npy
43,C9,5-nonanone,WSGCRAOTEDLMFQ-CDYZYAPPSA-N,590,0.0399842371027469,WSGCRAOTEDLMFQ-CDYZYAPPSA-N_conf590.npy
44,D14,"3,3,5,5-tetramethylcyclohexan-1-one",OQJMHUOCLRCSED-HOSYLAQJSA-N,65,0.4949104721099701,OQJMHUOCLRCSED-HOSYLAQJSA-N_conf65.npy
44,D14,"3,3,5,5-tetramethylcyclohexan-1-one",OQJMHUOCLRCSED-HOSYLAQJSA-N,803,0.4949104721099701,OQJMHUOCLRCSED-HOSYLAQJSA-N_conf803.npy
44,D14,"3,3,5,5-tetramethylcyclohexan-1-one",OQJMHUOCLRCSED-HOSYLAQJSA-N,136,0.0050895278900298,OQJMHUOCLRCSED-HOSYLAQJSA-N_conf136.npy
44,D14,"3,3,5,5-tetramethylcyclohexan-1-one",OQJMHUOCLRCSED-HOSYLAQJSA-N,21,0.0050895278900298,OQJMHUOCLRCSED-HOSYLAQJSA-N_conf21.npy
45,A1,acetophenone,KWOLFJPFCHCOCG-UHFFFAOYSA-N,90,1.0,KWOLFJPFCHCOCG-UHFFFAOYSA-N_conf90.npy
46,A15,isobutyrophenone,BSMGLVDZZMBWQB-UHFFFAOYSA-N,141,0.4981494103898189,BSMGLVDZZMBWQB-UHFFFAOYSA-N_conf141.npy
46,A15,isobutyrophenone,BSMGLVDZZMBWQB-UHFFFAOYSA-N,271,0.4981494103898189,BSMGLVDZZMBWQB-UHFFFAOYSA-N_conf271.npy
46,A15,isobutyrophenone,BSMGLVDZZMBWQB-UHFFFAOYSA-N,122,0.0018505896101809,BSMGLVDZZMBWQB-UHFFFAOYSA-N_conf122.npy
46,A15,isobutyrophenone,BSMGLVDZZMBWQB-UHFFFAOYSA-N,234,0.0018505896101809,BSMGLVDZZMBWQB-UHFFFAOYSA-N_conf234.npy
47,A7,3'-methylacetophenone,FSPSELPMWGWDRY-UHFFFAOYSA-N,261,0.5847579306857439,FSPSELPMWGWDRY-UHFFFAOYSA-N_conf261.npy
47,A7,3'-methylacetophenone,FSPSELPMWGWDRY-UHFFFAOYSA-N,364,0.4152420693142561,FSPSELPMWGWDRY-UHFFFAOYSA-N_conf364.npy
48,A8,3'-methoxyacetophenone,BAYUSCHCCGXLAY-UHFFFAOYSA-N,430,0.6366115768492311,BAYUSCHCCGXLAY-UHFFFAOYSA-N_conf430.npy
48,A8,3'-methoxyacetophenone,BAYUSCHCCGXLAY-UHFFFAOYSA-N,396,0.1483328602232976,BAYUSCHCCGXLAY-UHFFFAOYSA-N_conf396.npy
48,A8,3'-methoxyacetophenone,BAYUSCHCCGXLAY-UHFFFAOYSA-N,37,0.1167798950486538,BAYUSCHCCGXLAY-UHFFFAOYSA-N_conf37.npy
48,A8,3'-methoxyacetophenone,BAYUSCHCCGXLAY-UHFFFAOYSA-N,137,0.0982756678788174,BAYUSCHCCGXLAY-UHFFFAOYSA-N_conf137.npy
49,B1,1-indanone,QNXSIUBBGPHDDE-UHFFFAOYSA-N,13,1.0,QNXSIUBBGPHDDE-UHFFFAOYSA-N_conf13.npy
50,A13,propiophenone,KRIOVPPHQSLHCZ-UHFFFAOYSA-N,321,1.0,KRIOVPPHQSLHCZ-UHFFFAOYSA-N_conf321.npy
51,A19,cyclobutyl phenyl ketone,MVEBDOSCXOQNAR-UHFFFAOYSA-N,352,0.5,MVEBDOSCXOQNAR-UHFFFAOYSA-N_conf352.npy
51,A19,cyclobutyl phenyl ketone,MVEBDOSCXOQNAR-UHFFFAOYSA-N,546,0.5,MVEBDOSCXOQNAR-UHFFFAOYSA-N_conf546.npy
52,B3,1-tetralone,XHLHPRDBBAGVEG-UHFFFAOYSA-N,192,1.0,XHLHPRDBBAGVEG-UHFFFAOYSA-N_conf192.npy
53,A22,cyclohexyl phenyl ketone,BMFYCFSWWDXEPB-UHFFFAOYSA-N,250,0.4107271653410102,BMFYCFSWWDXEPB-UHFFFAOYSA-N_conf250.npy
53,A22,cyclohexyl phenyl ketone,BMFYCFSWWDXEPB-UHFFFAOYSA-N,534,0.4107271653410102,BMFYCFSWWDXEPB-UHFFFAOYSA-N_conf534.npy
53,A22,cyclohexyl phenyl ketone,BMFYCFSWWDXEPB-UHFFFAOYSA-N,712,0.0888841706198058,BMFYCFSWWDXEPB-UHFFFAOYSA-N_conf712.npy
53,A22,cyclohexyl phenyl ketone,BMFYCFSWWDXEPB-UHFFFAOYSA-N,714,0.0888841706198058,BMFYCFSWWDXEPB-UHFFFAOYSA-N_conf714.npy
53,A22,cyclohexyl phenyl ketone,BMFYCFSWWDXEPB-UHFFFAOYSA-N,32,0.0007773280783676,BMFYCFSWWDXEPB-UHFFFAOYSA-N_conf32.npy
54,A18,valerophenone,XKGLSKVNOSHTAD-UHFFFAOYSA-N,510,0.2614888672432284,XKGLSKVNOSHTAD-UHFFFAOYSA-N_conf510.npy
54,A18,valerophenone,XKGLSKVNOSHTAD-UHFFFAOYSA-N,479,0.248952369592256,XKGLSKVNOSHTAD-UHFFFAOYSA-N_conf479.npy
54,A18,valerophenone,XKGLSKVNOSHTAD-UHFFFAOYSA-N,562,0.248952369592256,XKGLSKVNOSHTAD-UHFFFAOYSA-N_conf562.npy
54,A18,valerophenone,XKGLSKVNOSHTAD-UHFFFAOYSA-N,163,0.1247760800169061,XKGLSKVNOSHTAD-UHFFFAOYSA-N_conf163.npy
54,A18,valerophenone,XKGLSKVNOSHTAD-UHFFFAOYSA-N,668,0.1158303135553535,XKGLSKVNOSHTAD-UHFFFAOYSA-N_conf668.npy
55,A14,butyrophenone,FFSAXUULYPJSKH-UHFFFAOYSA-N,308,0.3722071630796492,FFSAXUULYPJSKH-UHFFFAOYSA-N_conf308.npy
55,A14,butyrophenone,FFSAXUULYPJSKH-UHFFFAOYSA-N,121,0.2825082504265359,FFSAXUULYPJSKH-UHFFFAOYSA-N_conf121.npy
55,A14,butyrophenone,FFSAXUULYPJSKH-UHFFFAOYSA-N,167,0.2825082504265359,FFSAXUULYPJSKH-UHFFFAOYSA-N_conf167.npy
55,A14,butyrophenone,FFSAXUULYPJSKH-UHFFFAOYSA-N,180,0.0313881680336394,FFSAXUULYPJSKH-UHFFFAOYSA-N_conf180.npy
55,A14,butyrophenone,FFSAXUULYPJSKH-UHFFFAOYSA-N,443,0.0313881680336394,FFSAXUULYPJSKH-UHFFFAOYSA-N_conf443.npy
56,B4,1-benzosuberone,KWHUHTFXMNQHAA-UHFFFAOYSA-N,475,0.3778034902161302,KWHUHTFXMNQHAA-UHFFFAOYSA-N_conf475.npy
56,B4,1-benzosuberone,KWHUHTFXMNQHAA-UHFFFAOYSA-N,526,0.3778034902161302,KWHUHTFXMNQHAA-UHFFFAOYSA-N_conf526.npy
56,B4,1-benzosuberone,KWHUHTFXMNQHAA-UHFFFAOYSA-N,161,0.1221965097838697,KWHUHTFXMNQHAA-UHFFFAOYSA-N_conf161.npy
56,B4,1-benzosuberone,KWHUHTFXMNQHAA-UHFFFAOYSA-N,348,0.1221965097838697,KWHUHTFXMNQHAA-UHFFFAOYSA-N_conf348.npy
57,A23,benzophenone,RWCCWEUUXYIKHB-KHWBWMQUSA-N,14,0.5,RWCCWEUUXYIKHB-KHWBWMQUSA-N_conf14.npy
57,A23,benzophenone,RWCCWEUUXYIKHB-KHWBWMQUSA-N,489,0.5,RWCCWEUUXYIKHB-KHWBWMQUSA-N_conf489.npy
58,A2,4'-methylacetophenone,GNKZMNRKLCTJAY-UHFFFAOYSA-N,333,1.0,GNKZMNRKLCTJAY-UHFFFAOYSA-N_conf333.npy
59,A21,cyclopentyl phenyl ketone,VYDIMQRLNMMJBW-UHFFFAOYSA-N,147,0.4992825264104187,VYDIMQRLNMMJBW-UHFFFAOYSA-N_conf147.npy
59,A21,cyclopentyl phenyl ketone,VYDIMQRLNMMJBW-UHFFFAOYSA-N,411,0.4992825264104187,VYDIMQRLNMMJBW-UHFFFAOYSA-N_conf411.npy
59,A21,cyclopentyl phenyl ketone,VYDIMQRLNMMJBW-UHFFFAOYSA-N,286,0.0007189933609419,VYDIMQRLNMMJBW-UHFFFAOYSA-N_conf286.npy
59,A21,cyclopentyl phenyl ketone,VYDIMQRLNMMJBW-UHFFFAOYSA-N,186,0.0007159538182207,VYDIMQRLNMMJBW-UHFFFAOYSA-N_conf186.npy
60,D15(trans),(-)-menthone (eq),NFLGAXVYCFJBMK-DTWKUNHWSA-N,182,0.5488227418356767,NFLGAXVYCFJBMK-DTWKUNHWSA-N_conf182.npy
60,D15(trans),(-)-menthone (eq),NFLGAXVYCFJBMK-DTWKUNHWSA-N,270,0.2331716737043238,NFLGAXVYCFJBMK-DTWKUNHWSA-N_conf270.npy
60,D15(trans),(-)-menthone (eq),NFLGAXVYCFJBMK-DTWKUNHWSA-N,756,0.2086978304206128,NFLGAXVYCFJBMK-DTWKUNHWSA-N_conf756.npy
60,D15(trans),(-)-menthone (eq),NFLGAXVYCFJBMK-DTWKUNHWSA-N,1,0.0088372403281767,NFLGAXVYCFJBMK-DTWKUNHWSA-N_conf1.npy
60,D15(trans),(-)-menthone (eq),NFLGAXVYCFJBMK-DTWKUNHWSA-N,86,0.0004705137112099,NFLGAXVYCFJBMK-DTWKUNHWSA-N_conf86.npy
61,D15(cis),(-)-menthone (ax),NFLGAXVYCFJBMK-BDAKNGLRSA-N,400,0.5488227418356767,NFLGAXVYCFJBMK-BDAKNGLRSA-N_conf400.npy
61,D15(cis),(-)-menthone (ax),NFLGAXVYCFJBMK-BDAKNGLRSA-N,109,0.2331716737043238,NFLGAXVYCFJBMK-BDAKNGLRSA-N_conf109.npy
61,D15(cis),(-)-menthone (ax),NFLGAXVYCFJBMK-BDAKNGLRSA-N,198,0.2086978304206128,NFLGAXVYCFJBMK-BDAKNGLRSA-N_conf198.npy
61,D15(cis),(-)-menthone (ax),NFLGAXVYCFJBMK-BDAKNGLRSA-N,703,0.0088372403281767,NFLGAXVYCFJBMK-BDAKNGLRSA-N_conf703.npy
61,D15(cis),(-)-menthone (ax),NFLGAXVYCFJBMK-BDAKNGLRSA-N,630,0.0004705137112099,NFLGAXVYCFJBMK-BDAKNGLRSA-N_conf630.npy
62,A16,cyclopropyl phenyl ketone,PJRHFTYXYCVOSJ-UHFFFAOYSA-N,151,0.5,PJRHFTYXYCVOSJ-UHFFFAOYSA-N_conf151.npy
62,A16,cyclopropyl phenyl ketone,PJRHFTYXYCVOSJ-UHFFFAOYSA-N,208,0.5,PJRHFTYXYCVOSJ-UHFFFAOYSA-N_conf208.npy
63,D6,cyclooctanone,IIRFCWANHMSDCG-PTQBSOBMSA-N,217,0.4962851155423467,IIRFCWANHMSDCG-PTQBSOBMSA-N_conf217.npy
63,D6,cyclooctanone,IIRFCWANHMSDCG-PTQBSOBMSA-N,155,0.4961882794752543,IIRFCWANHMSDCG-PTQBSOBMSA-N_conf155.npy
63,D6,cyclooctanone,IIRFCWANHMSDCG-PTQBSOBMSA-N,52,0.0071774770168571,IIRFCWANHMSDCG-PTQBSOBMSA-N_conf52.npy
63,D6,cyclooctanone,IIRFCWANHMSDCG-PTQBSOBMSA-N,342,0.0001745639827709,IIRFCWANHMSDCG-PTQBSOBMSA-N_conf342.npy
63,D6,cyclooctanone,IIRFCWANHMSDCG-PTQBSOBMSA-N,373,0.0001745639827709,IIRFCWANHMSDCG-PTQBSOBMSA-N_conf373.npy
64,D2(trans),2-cyclopentylcyclopentanone(trans),CWZGKTMWPFTJCS-SECBINFHSA-N,54,0.6703583754754475,CWZGKTMWPFTJCS-SECBINFHSA-N_conf54.npy
64,D2(trans),2-cyclopentylcyclopentanone(trans),CWZGKTMWPFTJCS-SECBINFHSA-N,248,0.2150338867767931,CWZGKTMWPFTJCS-SECBINFHSA-N_conf248.npy
64,D2(trans),2-cyclopentylcyclopentanone(trans),CWZGKTMWPFTJCS-SECBINFHSA-N,621,0.0795761846128621,CWZGKTMWPFTJCS-SECBINFHSA-N_conf621.npy
64,D2(trans),2-cyclopentylcyclopentanone(trans),CWZGKTMWPFTJCS-SECBINFHSA-N,670,0.0350315531348972,CWZGKTMWPFTJCS-SECBINFHSA-N_conf670.npy
65,D2(cis),2-cyclopentylcyclopentanone(cis),CWZGKTMWPFTJCS-VIFPVBQESA-N,213,0.6703635801161523,CWZGKTMWPFTJCS-VIFPVBQESA-N_conf213.npy
65,D2(cis),2-cyclopentylcyclopentanone(cis),CWZGKTMWPFTJCS-VIFPVBQESA-N,63,0.2150355562929221,CWZGKTMWPFTJCS-VIFPVBQESA-N_conf63.npy
65,D2(cis),2-cyclopentylcyclopentanone(cis),CWZGKTMWPFTJCS-VIFPVBQESA-N,294,0.079569038472185,CWZGKTMWPFTJCS-VIFPVBQESA-N_conf294.npy
65,D2(cis),2-cyclopentylcyclopentanone(cis),CWZGKTMWPFTJCS-VIFPVBQESA-N,341,0.0350318251187406,CWZGKTMWPFTJCS-VIFPVBQESA-N_conf341.npy
66,D7,cyclododecanone,SXVPOSFURRDKBO-DETAZLGJSA-N,1128,0.3133376567586525,SXVPOSFURRDKBO-DETAZLGJSA-N_conf1128.npy
66,D7,cyclododecanone,SXVPOSFURRDKBO-DETAZLGJSA-N,1168,0.3133376567586525,SXVPOSFURRDKBO-DETAZLGJSA-N_conf1168.npy
66,D7,cyclododecanone,SXVPOSFURRDKBO-DETAZLGJSA-N,926,0.3133376567586525,SXVPOSFURRDKBO-DETAZLGJSA-N_conf926.npy
66,D7,cyclododecanone,SXVPOSFURRDKBO-DETAZLGJSA-N,1031,0.0445548726067003,SXVPOSFURRDKBO-DETAZLGJSA-N_conf1031.npy
66,D7,cyclododecanone,SXVPOSFURRDKBO-DETAZLGJSA-N,76,0.0154321571173421,SXVPOSFURRDKBO-DETAZLGJSA-N_conf76.npy
67,A3,4'-methoxyacetophenone,NTPLXRHDUXRPNE-UHFFFAOYSA-N,405,0.5350748362250801,NTPLXRHDUXRPNE-UHFFFAOYSA-N_conf405.npy
67,A3,4'-methoxyacetophenone,NTPLXRHDUXRPNE-UHFFFAOYSA-N,265,0.4649251637749198,NTPLXRHDUXRPNE-UHFFFAOYSA-N_conf265.npy
68,A20,isovalerophenone,HEOVGVNITGAUKL-UHFFFAOYSA-N,132,0.361590099777041,HEOVGVNITGAUKL-UHFFFAOYSA-N_conf132.npy
68,A20,isovalerophenone,HEOVGVNITGAUKL-UHFFFAOYSA-N,670,0.361590099777041,HEOVGVNITGAUKL-UHFFFAOYSA-N_conf670.npy
68,A20,isovalerophenone,HEOVGVNITGAUKL-UHFFFAOYSA-N,126,0.1168733592221301,HEOVGVNITGAUKL-UHFFFAOYSA-N_conf126.npy
68,A20,isovalerophenone,HEOVGVNITGAUKL-UHFFFAOYSA-N,16,0.1168733592221301,HEOVGVNITGAUKL-UHFFFAOYSA-N_conf16.npy
68,A20,isovalerophenone,HEOVGVNITGAUKL-UHFFFAOYSA-N,605,0.0430730820016577,HEOVGVNITGAUKL-UHFFFAOYSA-N_conf605.npy
69,C11,dicyclohexylketone,TWXWPPKDQOWNSX-KHWBWMQUSA-N,971,0.543815811610813,TWXWPPKDQOWNSX-KHWBWMQUSA-N_conf971.npy
69,C11,dicyclohexylketone,TWXWPPKDQOWNSX-KHWBWMQUSA-N,70,0.1140460470972967,TWXWPPKDQOWNSX-KHWBWMQUSA-N_conf70.npy
69,C11,dicyclohexylketone,TWXWPPKDQOWNSX-KHWBWMQUSA-N,783,0.1140460470972967,TWXWPPKDQOWNSX-KHWBWMQUSA-N_conf783.npy
69,C11,dicyclohexylketone,TWXWPPKDQOWNSX-KHWBWMQUSA-N,904,0.1140460470972967,TWXWPPKDQOWNSX-KHWBWMQUSA-N_conf904.npy
69,C11,dicyclohexylketone,TWXWPPKDQOWNSX-KHWBWMQUSA-N,959,0.1140460470972967,TWXWPPKDQOWNSX-KHWBWMQUSA-N_conf959.npy
70,B9,dibenzosuberone,BMVWCPGVLSILMU-KCKQSJSWSA-N,184,0.4809805736870832,BMVWCPGVLSILMU-KCKQSJSWSA-N_conf184.npy
70,B9,dibenzosuberone,BMVWCPGVLSILMU-KCKQSJSWSA-N,678,0.4809805736870832,BMVWCPGVLSILMU-KCKQSJSWSA-N_conf678.npy
70,B9,dibenzosuberone,BMVWCPGVLSILMU-KCKQSJSWSA-N,750,0.0380388526258336,BMVWCPGVLSILMU-KCKQSJSWSA-N_conf750.npy
71,C10,"2,6-dimethyl-4-heptanone",PTTPXKJBFFKCEK-HOSYLAQJSA-N,193,0.4381511860857041,PTTPXKJBFFKCEK-HOSYLAQJSA-N_conf193.npy
71,C10,"2,6-dimethyl-4-heptanone",PTTPXKJBFFKCEK-HOSYLAQJSA-N,661,0.4363840510795423,PTTPXKJBFFKCEK-HOSYLAQJSA-N_conf661.npy
71,C10,"2,6-dimethyl-4-heptanone",PTTPXKJBFFKCEK-HOSYLAQJSA-N,631,0.0554411188699562,PTTPXKJBFFKCEK-HOSYLAQJSA-N_conf631.npy
71,C10,"2,6-dimethyl-4-heptanone",PTTPXKJBFFKCEK-HOSYLAQJSA-N,658,0.0554411188699562,PTTPXKJBFFKCEK-HOSYLAQJSA-N_conf658.npy
71,C10,"2,6-dimethyl-4-heptanone",PTTPXKJBFFKCEK-HOSYLAQJSA-N,581,0.014582525094841,PTTPXKJBFFKCEK-HOSYLAQJSA-N_conf581.npy
72,B8,"10,10-Dimethylanthracen-9(10H)-one",GWFCYDIAPRIMLA-KHWBWMQUSA-N,409,1.0,GWFCYDIAPRIMLA-KHWBWMQUSA-N_conf409.npy
73,E1(exo),camphor (exo),DSSYKIVIOFKYAU-OMNKOJBGSA-N,13,1.0,DSSYKIVIOFKYAU-OMNKOJBGSA-N_conf13.npy
74,E1(endo),camphor (endo),DSSYKIVIOFKYAU-MHPPCMCBSA-N,49,1.0,DSSYKIVIOFKYAU-MHPPCMCBSA-N_conf49.npy
75,E3(endo),fenchone (endo),LHXDLQBQYFFVNW-OMNKOJBGSA-N,585,1.0,LHXDLQBQYFFVNW-OMNKOJBGSA-N_conf585.npy
76,E3(exo),fenchone (exo),LHXDLQBQYFFVNW-MHPPCMCBSA-N,21,1.0,LHXDLQBQYFFVNW-MHPPCMCBSA-N_conf21.npy
77,A24,"2,2,2-triphenylacetophenone",CFBBKHROQRFCNZ-UHFFFAOYSA-N,131,0.2503366168372746,CFBBKHROQRFCNZ-UHFFFAOYSA-N_conf131.npy
77,A24,"2,2,2-triphenylacetophenone",CFBBKHROQRFCNZ-UHFFFAOYSA-N,1622,0.2503366168372746,CFBBKHROQRFCNZ-UHFFFAOYSA-N_conf1622.npy
77,A24,"2,2,2-triphenylacetophenone",CFBBKHROQRFCNZ-UHFFFAOYSA-N,2186,0.2503366168372746,CFBBKHROQRFCNZ-UHFFFAOYSA-N_conf2186.npy
77,A24,"2,2,2-triphenylacetophenone",CFBBKHROQRFCNZ-UHFFFAOYSA-N,1599,0.2489901494881761,CFBBKHROQRFCNZ-UHFFFAOYSA-N_conf1599.npy
78,H1,Benzoylacetonitrile,ZJRCIQAMTAINCB-UHFFFAOYSA-N,115,0.4111389399595383,ZJRCIQAMTAINCB-UHFFFAOYSA-N_conf115.npy
78,H1,Benzoylacetonitrile,ZJRCIQAMTAINCB-UHFFFAOYSA-N,74,0.4111389399595383,ZJRCIQAMTAINCB-UHFFFAOYSA-N_conf74.npy
78,H1,Benzoylacetonitrile,ZJRCIQAMTAINCB-UHFFFAOYSA-N,24,0.1777221200809235,ZJRCIQAMTAINCB-UHFFFAOYSA-N_conf24.npy
79,H2(exo),Bicyclo[2.2.1]hept-5-en-2-one (exo),HUQXEIFQYCVOPD-RITPCOANSA-N,31,1.0,HUQXEIFQYCVOPD-RITPCOANSA-N_conf31.npy
80,H2(endo),Bicyclo[2.2.1]hept-5-en-2-one (endo),HUQXEIFQYCVOPD-NTSWFWBYSA-N,246,1.0,HUQXEIFQYCVOPD-NTSWFWBYSA-N_conf246.npy
81,0,Tropinone (exo),QQXLDOJGLXJCSE-UTGAQZLRSA-N,293,1.0,QQXLDOJGLXJCSE-UTGAQZLRSA-N_conf293.npy
82,0,Tropinone (endo),QQXLDOJGLXJCSE-FWGGZQILSA-N,296,1.0,QQXLDOJGLXJCSE-FWGGZQILSA-N_conf296.npy
83,H3,"1,4-Cyclohexanedione Monoethyleneketal",VKRKCBWIVLSRBJ-OUBTZVSYSA-N,328,0.4974500752985085,VKRKCBWIVLSRBJ-OUBTZVSYSA-N_conf328.npy
83,H3,"1,4-Cyclohexanedione Monoethyleneketal",VKRKCBWIVLSRBJ-OUBTZVSYSA-N,420,0.4974500752985085,VKRKCBWIVLSRBJ-OUBTZVSYSA-N_conf420.npy
83,H3,"1,4-Cyclohexanedione Monoethyleneketal",VKRKCBWIVLSRBJ-OUBTZVSYSA-N,197,0.005099849402983,VKRKCBWIVLSRBJ-OUBTZVSYSA-N_conf197.npy
84,H4(cis),Isophorone Oxide (cis),ROTNQFPVXVZSRL-IONNQARKSA-N,55,0.9535633828567954,ROTNQFPVXVZSRL-IONNQARKSA-N_conf55.npy
84,H4(cis),Isophorone Oxide (cis),ROTNQFPVXVZSRL-IONNQARKSA-N,136,0.0464366171432045,ROTNQFPVXVZSRL-IONNQARKSA-N_conf136.npy
85,H4(trans),Isophorone Oxide (trans),ROTNQFPVXVZSRL-APPZFPTMSA-N,52,0.9535633828567954,ROTNQFPVXVZSRL-APPZFPTMSA-N_conf52.npy
85,H4(trans),Isophorone Oxide (trans),ROTNQFPVXVZSRL-APPZFPTMSA-N,209,0.0464366171432045,ROTNQFPVXVZSRL-APPZFPTMSA-N_conf209.npy
86,0,dicyclopropyl ketone,BIPUHAHGLJKIPK-UHFFFAOYSA-N,320,0.2001884534903027,BIPUHAHGLJKIPK-UHFFFAOYSA-N_conf320.npy
86,0,dicyclopropyl ketone,BIPUHAHGLJKIPK-UHFFFAOYSA-N,247,0.2000155706109735,BIPUHAHGLJKIPK-UHFFFAOYSA-N_conf247.npy
86,0,dicyclopropyl ketone,BIPUHAHGLJKIPK-UHFFFAOYSA-N,56,0.2000155706109735,BIPUHAHGLJKIPK-UHFFFAOYSA-N_conf56.npy
86,0,dicyclopropyl ketone,BIPUHAHGLJKIPK-UHFFFAOYSA-N,175,0.1999960559620449,BIPUHAHGLJKIPK-UHFFFAOYSA-N_conf175.npy
86,0,dicyclopropyl ketone,BIPUHAHGLJKIPK-UHFFFAOYSA-N,144,0.1997843493257052,BIPUHAHGLJKIPK-UHFFFAOYSA-N_conf144.npy
87,0,6-methyl-5-hepten-2-one,UHEPJGULSIKKTP-UHFFFAOYSA-N,284,0.2231169363548021,UHEPJGULSIKKTP-UHFFFAOYSA-N_conf284.npy
87,0,6-methyl-5-hepten-2-one,UHEPJGULSIKKTP-UHFFFAOYSA-N,159,0.2228807550313851,UHEPJGULSIKKTP-UHFFFAOYSA-N_conf159.npy
87,0,6-methyl-5-hepten-2-one,UHEPJGULSIKKTP-UHFFFAOYSA-N,173,0.215082138797345,UHEPJGULSIKKTP-UHFFFAOYSA-N_conf173.npy
87,0,6-methyl-5-hepten-2-one,UHEPJGULSIKKTP-UHFFFAOYSA-N,525,0.215082138797345,UHEPJGULSIKKTP-UHFFFAOYSA-N_conf525.npy
87,0,6-methyl-5-hepten-2-one,UHEPJGULSIKKTP-UHFFFAOYSA-N,408,0.1238380310191227,UHEPJGULSIKKTP-UHFFFAOYSA-N_conf408.npy
88,0,4-Hydroxy-2-butanone,LVSQXDHWDCMMRJ-UHFFFAOYSA-N,137,0.494208580492365,LVSQXDHWDCMMRJ-UHFFFAOYSA-N_conf137.npy
88,0,4-Hydroxy-2-butanone,LVSQXDHWDCMMRJ-UHFFFAOYSA-N,64,0.494208580492365,LVSQXDHWDCMMRJ-UHFFFAOYSA-N_conf64.npy
88,0,4-Hydroxy-2-butanone,LVSQXDHWDCMMRJ-UHFFFAOYSA-N,60,0.0078717202065605,LVSQXDHWDCMMRJ-UHFFFAOYSA-N_conf60.npy
88,0,4-Hydroxy-2-butanone,LVSQXDHWDCMMRJ-UHFFFAOYSA-N,93,0.0018555594043547,LVSQXDHWDCMMRJ-UHFFFAOYSA-N_conf93.npy
88,0,4-Hydroxy-2-butanone,LVSQXDHWDCMMRJ-UHFFFAOYSA-N,30,0.0018555594043547,LVSQXDHWDCMMRJ-UHFFFAOYSA-N_conf30.npy
89,0,Methyl Acetoacetate,WRQNANDWMGAFTP-UHFFFAOYSA-N,161,0.3369628692894579,WRQNANDWMGAFTP-UHFFFAOYSA-N_conf161.npy
89,0,Methyl Acetoacetate,WRQNANDWMGAFTP-UHFFFAOYSA-N,244,0.3369628692894579,WRQNANDWMGAFTP-UHFFFAOYSA-N_conf244.npy
89,0,Methyl Acetoacetate,WRQNANDWMGAFTP-UHFFFAOYSA-N,16,0.1936257102728941,WRQNANDWMGAFTP-UHFFFAOYSA-N_conf16.npy
89,0,Methyl Acetoacetate,WRQNANDWMGAFTP-UHFFFAOYSA-N,228,0.066224275574095,WRQNANDWMGAFTP-UHFFFAOYSA-N_conf228.npy
89,0,Methyl Acetoacetate,WRQNANDWMGAFTP-UHFFFAOYSA-N,232,0.066224275574095,WRQNANDWMGAFTP-UHFFFAOYSA-N_conf232.npy
90,0,2-Hydroxyacetophenone,ZWVHTXAYIKBMEE-UHFFFAOYSA-N,133,0.9986053924623832,ZWVHTXAYIKBMEE-UHFFFAOYSA-N_conf133.npy
90,0,2-Hydroxyacetophenone,ZWVHTXAYIKBMEE-UHFFFAOYSA-N,134,0.0006973037688083,ZWVHTXAYIKBMEE-UHFFFAOYSA-N_conf134.npy
90,0,2-Hydroxyacetophenone,ZWVHTXAYIKBMEE-UHFFFAOYSA-N,260,0.0006973037688083,ZWVHTXAYIKBMEE-UHFFFAOYSA-N_conf260.npy
91,a1,"5α-Pregnane-3,20-dione (Reduction of diketone to axial-3ol)",XMRPGKVKISIQBV-KEOHVNNOSA-N,565,0.8561703670411622,XMRPGKVKISIQBV-KEOHVNNOSA-N_conf565.npy
91,a1,"5α-Pregnane-3,20-dione (Reduction of diketone to axial-3ol)",XMRPGKVKISIQBV-KEOHVNNOSA-N,2802,0.1438296329588378,XMRPGKVKISIQBV-KEOHVNNOSA-N_conf2802.npy
92,a2,"5α-Pregnane-3,20-dione (Reduction of diketone to equatorial-3ol)",XMRPGKVKISIQBV-RCNOZMPMSA-N,1346,0.8561583515430078,XMRPGKVKISIQBV-RCNOZMPMSA-N_conf1346.npy
92,a2,"5α-Pregnane-3,20-dione (Reduction of diketone to equatorial-3ol)",XMRPGKVKISIQBV-RCNOZMPMSA-N,271,0.143841648456992,XMRPGKVKISIQBV-RCNOZMPMSA-N_conf271.npy
93,a3,"5α-Pregnane-3,20-dione (Reduction of diketone to cis-20ol)",XMRPGKVKISIQBV-XAHUAHKPSA-N,1712,0.8561583515430078,XMRPGKVKISIQBV-XAHUAHKPSA-N_conf1712.npy
93,a3,"5α-Pregnane-3,20-dione (Reduction of diketone to cis-20ol)",XMRPGKVKISIQBV-XAHUAHKPSA-N,2300,0.143841648456992,XMRPGKVKISIQBV-XAHUAHKPSA-N_conf2300.npy
94,a4,"5α-Pregnane-3,20-dione (Reduction of diketone to trans-20ol)",XMRPGKVKISIQBV-WGDJUOIDSA-N,821,0.8564310147100538,XMRPGKVKISIQBV-WGDJUOIDSA-N_conf821.npy
94,a4,"5α-Pregnane-3,20-dione (Reduction of diketone to trans-20ol)",XMRPGKVKISIQBV-WGDJUOIDSA-N,168,0.1435689852899461,XMRPGKVKISIQBV-WGDJUOIDSA-N_conf168.npy
95,a13,"5α-Pregnane-3,20-dione (Reduction of axial-3 to cis-20ol)",AURFZBICLPNKBZ-LNUOHZHLSA-N,1024,0.8826184764897478,AURFZBICLPNKBZ-LNUOHZHLSA-N_conf1024.npy
95,a13,"5α-Pregnane-3,20-dione (Reduction of axial-3 to cis-20ol)",AURFZBICLPNKBZ-LNUOHZHLSA-N,2043,0.1173815235102521,AURFZBICLPNKBZ-LNUOHZHLSA-N_conf2043.npy
96,a14,"5α-Pregnane-3,20-dione (Reduction of axial-3ol to trans-20ol)",AURFZBICLPNKBZ-BKZNRXDMSA-N,309,0.8822888933934652,AURFZBICLPNKBZ-BKZNRXDMSA-N_conf309.npy
96,a14,"5α-Pregnane-3,20-dione (Reduction of axial-3ol to trans-20ol)",AURFZBICLPNKBZ-BKZNRXDMSA-N,216,0.1177111066065348,AURFZBICLPNKBZ-BKZNRXDMSA-N_conf216.npy
97,a23,"5α-Pregnane-3,20-dione (Reduction of equatorial-3ol to cis-20ol)",AURFZBICLPNKBZ-KRXPQHRASA-N,540,0.8763085483112195,AURFZBICLPNKBZ-KRXPQHRASA-N_conf540.npy
97,a23,"5α-Pregnane-3,20-dione (Reduction of equatorial-3ol to cis-20ol)",AURFZBICLPNKBZ-KRXPQHRASA-N,2249,0.1236914516887805,AURFZBICLPNKBZ-KRXPQHRASA-N_conf2249.npy
98,a24,"5α-Pregnane-3,20-dione (Reduction of equatorial-3ol to trans-20ol)",AURFZBICLPNKBZ-VYMTVNFKSA-N,232,0.8761937031179887,AURFZBICLPNKBZ-VYMTVNFKSA-N_conf232.npy
98,a24,"5α-Pregnane-3,20-dione (Reduction of equatorial-3ol to trans-20ol)",AURFZBICLPNKBZ-VYMTVNFKSA-N,3002,0.1238062968820111,AURFZBICLPNKBZ-VYMTVNFKSA-N_conf3002.npy
99,a41,"5α-Pregnane-3,20-dione (Reduction of trans-20ol to axial-3ol)",DYVGYXXLXQESJE-ASZUNUTGSA-N,1626,0.989616077968302,DYVGYXXLXQESJE-ASZUNUTGSA-N_conf1626.npy
99,a41,"5α-Pregnane-3,20-dione (Reduction of trans-20ol to axial-3ol)",DYVGYXXLXQESJE-ASZUNUTGSA-N,2659,0.0098532458104862,DYVGYXXLXQESJE-ASZUNUTGSA-N_conf2659.npy
99,a41,"5α-Pregnane-3,20-dione (Reduction of trans-20ol to axial-3ol)",DYVGYXXLXQESJE-ASZUNUTGSA-N,566,0.000530676221212,DYVGYXXLXQESJE-ASZUNUTGSA-N_conf566.npy
100,a42,"5α-Pregnane-3,20-dione (Reduction of trans-20ol to equatorial-3ol)",DYVGYXXLXQESJE-VMCDEYIWSA-N,980,0.989616077968302,DYVGYXXLXQESJE-VMCDEYIWSA-N_conf980.npy
100,a42,"5α-Pregnane-3,20-dione (Reduction of trans-20ol to equatorial-3ol)",DYVGYXXLXQESJE-VMCDEYIWSA-N,1642,0.0098532458104862,DYVGYXXLXQESJE-VMCDEYIWSA-N_conf1642.npy
100,a42,"5α-Pregnane-3,20-dione (Reduction of trans-20ol to equatorial-3ol)",DYVGYXXLXQESJE-VMCDEYIWSA-N,1222,0.000530676221212,DYVGYXXLXQESJE-VMCDEYIWSA-N_conf1222.npy
101,a31,"5α-Pregnane-3,20-dione (Reduction of cis-20ol to axial-3ol)",DYVGYXXLXQESJE-IEPKGJLISA-N,2049,0.7512987873361644,DYVGYXXLXQESJE-IEPKGJLISA-N_conf2049.npy
101,a31,"5α-Pregnane-3,20-dione (Reduction of cis-20ol to axial-3ol)",DYVGYXXLXQESJE-IEPKGJLISA-N,2995,0.2427129250208235,DYVGYXXLXQESJE-IEPKGJLISA-N_conf2995.npy
101,a31,"5α-Pregnane-3,20-dione (Reduction of cis-20ol to axial-3ol)",DYVGYXXLXQESJE-IEPKGJLISA-N,2045,0.005988287643012,DYVGYXXLXQESJE-IEPKGJLISA-N_conf2045.npy
102,a32,"5α-Pregnane-3,20-dione (Reduction of cis-20ol to equatorial-3ol)",DYVGYXXLXQESJE-FXIFETPDSA-N,2854,0.7512987873361644,DYVGYXXLXQESJE-FXIFETPDSA-N_conf2854.npy
102,a32,"5α-Pregnane-3,20-dione (Reduction of cis-20ol to equatorial-3ol)",DYVGYXXLXQESJE-FXIFETPDSA-N,762,0.2427129250208235,DYVGYXXLXQESJE-FXIFETPDSA-N_conf762.npy
102,a32,"5α-Pregnane-3,20-dione (Reduction of cis-20ol to equatorial-3ol)",DYVGYXXLXQESJE-FXIFETPDSA-N,2182,0.005988287643012,DYVGYXXLXQESJE-FXIFETPDSA-N_conf2182.npy
103,b1,"24-nor-5β-chol-22-ene-3,6-dione (diketone to trans-3ol)",FKXQMWVVHBPGAM-YDEWJKEYSA-N,3371,0.9181574619834948,FKXQMWVVHBPGAM-YDEWJKEYSA-N_conf3371.npy
103,b1,"24-nor-5β-chol-22-ene-3,6-dione (diketone to trans-3ol)",FKXQMWVVHBPGAM-YDEWJKEYSA-N,2872,0.0739588214816008,FKXQMWVVHBPGAM-YDEWJKEYSA-N_conf2872.npy
103,b1,"24-nor-5β-chol-22-ene-3,6-dione (diketone to trans-3ol)",FKXQMWVVHBPGAM-YDEWJKEYSA-N,1323,0.0046051539428011,FKXQMWVVHBPGAM-YDEWJKEYSA-N_conf1323.npy
103,b1,"24-nor-5β-chol-22-ene-3,6-dione (diketone to trans-3ol)",FKXQMWVVHBPGAM-YDEWJKEYSA-N,968,0.0018324036685993,FKXQMWVVHBPGAM-YDEWJKEYSA-N_conf968.npy
103,b1,"24-nor-5β-chol-22-ene-3,6-dione (diketone to trans-3ol)",FKXQMWVVHBPGAM-YDEWJKEYSA-N,542,0.0014461589235037,FKXQMWVVHBPGAM-YDEWJKEYSA-N_conf542.npy
104,b2,"24-nor-5β-chol-22-ene-3,6-dione (diketone to cis-3ol)",FKXQMWVVHBPGAM-SBUADZPKSA-N,892,0.918161803328064,FKXQMWVVHBPGAM-SBUADZPKSA-N_conf892.npy
104,b2,"24-nor-5β-chol-22-ene-3,6-dione (diketone to cis-3ol)",FKXQMWVVHBPGAM-SBUADZPKSA-N,766,0.0739591711827591,FKXQMWVVHBPGAM-SBUADZPKSA-N_conf766.npy
104,b2,"24-nor-5β-chol-22-ene-3,6-dione (diketone to cis-3ol)",FKXQMWVVHBPGAM-SBUADZPKSA-N,1160,0.004605175717454,FKXQMWVVHBPGAM-SBUADZPKSA-N_conf1160.npy
104,b2,"24-nor-5β-chol-22-ene-3,6-dione (diketone to cis-3ol)",FKXQMWVVHBPGAM-SBUADZPKSA-N,3454,0.0018324123327948,FKXQMWVVHBPGAM-SBUADZPKSA-N_conf3454.npy
104,b2,"24-nor-5β-chol-22-ene-3,6-dione (diketone to cis-3ol)",FKXQMWVVHBPGAM-SBUADZPKSA-N,253,0.0014414374389279,FKXQMWVVHBPGAM-SBUADZPKSA-N_conf253.npy
105,b3,"24-nor-5β-chol-22-ene-3,6-dione (diketone to trans-6ol)",FKXQMWVVHBPGAM-ZZVOHZKGSA-N,937,0.9181546464227148,FKXQMWVVHBPGAM-ZZVOHZKGSA-N_conf937.npy
105,b3,"24-nor-5β-chol-22-ene-3,6-dione (diketone to trans-6ol)",FKXQMWVVHBPGAM-ZZVOHZKGSA-N,2053,0.0739585946843838,FKXQMWVVHBPGAM-ZZVOHZKGSA-N_conf2053.npy
105,b3,"24-nor-5β-chol-22-ene-3,6-dione (diketone to trans-6ol)",FKXQMWVVHBPGAM-ZZVOHZKGSA-N,191,0.0046051398209414,FKXQMWVVHBPGAM-ZZVOHZKGSA-N_conf191.npy
105,b3,"24-nor-5β-chol-22-ene-3,6-dione (diketone to trans-6ol)",FKXQMWVVHBPGAM-ZZVOHZKGSA-N,3248,0.0018323980494718,FKXQMWVVHBPGAM-ZZVOHZKGSA-N_conf3248.npy
105,b3,"24-nor-5β-chol-22-ene-3,6-dione (diketone to trans-6ol)",FKXQMWVVHBPGAM-ZZVOHZKGSA-N,477,0.0014492210224878,FKXQMWVVHBPGAM-ZZVOHZKGSA-N_conf477.npy
106,b4,"24-nor-5β-chol-22-ene-3,6-dione (diketone to cis-6ol)",FKXQMWVVHBPGAM-SSWDLXJHSA-N,1785,0.9181589969463558,FKXQMWVVHBPGAM-SSWDLXJHSA-N_conf1785.npy
106,b4,"24-nor-5β-chol-22-ene-3,6-dione (diketone to cis-6ol)",FKXQMWVVHBPGAM-SSWDLXJHSA-N,1495,0.0739589451249287,FKXQMWVVHBPGAM-SSWDLXJHSA-N_conf1495.npy
106,b4,"24-nor-5β-chol-22-ene-3,6-dione (diketone to cis-6ol)",FKXQMWVVHBPGAM-SSWDLXJHSA-N,125,0.0046051616416334,FKXQMWVVHBPGAM-SSWDLXJHSA-N_conf125.npy
106,b4,"24-nor-5β-chol-22-ene-3,6-dione (diketone to cis-6ol)",FKXQMWVVHBPGAM-SSWDLXJHSA-N,1030,0.0018324067319863,FKXQMWVVHBPGAM-SSWDLXJHSA-N_conf1030.npy
106,b4,"24-nor-5β-chol-22-ene-3,6-dione (diketone to cis-6ol)",FKXQMWVVHBPGAM-SSWDLXJHSA-N,1239,0.0014444895550956,FKXQMWVVHBPGAM-SSWDLXJHSA-N_conf1239.npy
107,b13,"24-nor-5β-chol-22-ene-3,6-dione (trans-3ol to trans-6ol)",GQPXPLNWQRGXOX-CNBRFADUSA-N,2529,0.763009928686959,GQPXPLNWQRGXOX-CNBRFADUSA-N_conf2529.npy
107,b13,"24-nor-5β-chol-22-ene-3,6-dione (trans-3ol to trans-6ol)",GQPXPLNWQRGXOX-CNBRFADUSA-N,2155,0.1554451040328093,GQPXPLNWQRGXOX-CNBRFADUSA-N_conf2155.npy
107,b13,"24-nor-5β-chol-22-ene-3,6-dione (trans-3ol to trans-6ol)",GQPXPLNWQRGXOX-CNBRFADUSA-N,673,0.0683616150816029,GQPXPLNWQRGXOX-CNBRFADUSA-N_conf673.npy
107,b13,"24-nor-5β-chol-22-ene-3,6-dione (trans-3ol to trans-6ol)",GQPXPLNWQRGXOX-CNBRFADUSA-N,1257,0.0128927974425559,GQPXPLNWQRGXOX-CNBRFADUSA-N_conf1257.npy
107,b13,"24-nor-5β-chol-22-ene-3,6-dione (trans-3ol to trans-6ol)",GQPXPLNWQRGXOX-CNBRFADUSA-N,1001,0.0002905547560728,GQPXPLNWQRGXOX-CNBRFADUSA-N_conf1001.npy
108,b14,"24-nor-5β-chol-22-ene-3,6-dione (trans-3ol to cis-6ol)",GQPXPLNWQRGXOX-RQSFXVAFSA-N,3249,0.763009928686959,GQPXPLNWQRGXOX-RQSFXVAFSA-N_conf3249.npy
108,b14,"24-nor-5β-chol-22-ene-3,6-dione (trans-3ol to cis-6ol)",GQPXPLNWQRGXOX-RQSFXVAFSA-N,2241,0.1554451040328093,GQPXPLNWQRGXOX-RQSFXVAFSA-N_conf2241.npy
108,b14,"24-nor-5β-chol-22-ene-3,6-dione (trans-3ol to cis-6ol)",GQPXPLNWQRGXOX-RQSFXVAFSA-N,1230,0.0683616150816029,GQPXPLNWQRGXOX-RQSFXVAFSA-N_conf1230.npy
108,b14,"24-nor-5β-chol-22-ene-3,6-dione (trans-3ol to cis-6ol)",GQPXPLNWQRGXOX-RQSFXVAFSA-N,1128,0.0128927974425559,GQPXPLNWQRGXOX-RQSFXVAFSA-N_conf1128.npy
108,b14,"24-nor-5β-chol-22-ene-3,6-dione (trans-3ol to cis-6ol)",GQPXPLNWQRGXOX-RQSFXVAFSA-N,2982,0.0002905547560728,GQPXPLNWQRGXOX-RQSFXVAFSA-N_conf2982.npy
109,b23,"24-nor-5β-chol-22-ene-3,6-dione (cis-3ol to trans-6ol)",GQPXPLNWQRGXOX-BJCYANKKSA-N,2407,0.9207098902116202,GQPXPLNWQRGXOX-BJCYANKKSA-N_conf2407.npy
109,b23,"24-nor-5β-chol-22-ene-3,6-dione (cis-3ol to trans-6ol)",GQPXPLNWQRGXOX-BJCYANKKSA-N,1133,0.0653675823495644,GQPXPLNWQRGXOX-BJCYANKKSA-N_conf1133.npy
109,b23,"24-nor-5β-chol-22-ene-3,6-dione (cis-3ol to trans-6ol)",GQPXPLNWQRGXOX-BJCYANKKSA-N,208,0.0108533800616772,GQPXPLNWQRGXOX-BJCYANKKSA-N_conf208.npy
109,b23,"24-nor-5β-chol-22-ene-3,6-dione (cis-3ol to trans-6ol)",GQPXPLNWQRGXOX-BJCYANKKSA-N,3121,0.0022154083900034,GQPXPLNWQRGXOX-BJCYANKKSA-N_conf3121.npy
109,b23,"24-nor-5β-chol-22-ene-3,6-dione (cis-3ol to trans-6ol)",GQPXPLNWQRGXOX-BJCYANKKSA-N,2801,0.0008537389871347,GQPXPLNWQRGXOX-BJCYANKKSA-N_conf2801.npy
110,b24,"24-nor-5β-chol-22-ene-3,6-dione (cis-3ol to cis-6ol)",GQPXPLNWQRGXOX-DVSYPHBRSA-N,2830,0.9207089151607896,GQPXPLNWQRGXOX-DVSYPHBRSA-N_conf2830.npy
110,b24,"24-nor-5β-chol-22-ene-3,6-dione (cis-3ol to cis-6ol)",GQPXPLNWQRGXOX-DVSYPHBRSA-N,266,0.0653675131239417,GQPXPLNWQRGXOX-DVSYPHBRSA-N_conf266.npy
110,b24,"24-nor-5β-chol-22-ene-3,6-dione (cis-3ol to cis-6ol)",GQPXPLNWQRGXOX-DVSYPHBRSA-N,1707,0.0108544275884209,GQPXPLNWQRGXOX-DVSYPHBRSA-N_conf1707.npy
110,b24,"24-nor-5β-chol-22-ene-3,6-dione (cis-3ol to cis-6ol)",GQPXPLNWQRGXOX-DVSYPHBRSA-N,2567,0.00221540604384,GQPXPLNWQRGXOX-DVSYPHBRSA-N_conf2567.npy
110,b24,"24-nor-5β-chol-22-ene-3,6-dione (cis-3ol to cis-6ol)",GQPXPLNWQRGXOX-DVSYPHBRSA-N,2854,0.0008537380830074,GQPXPLNWQRGXOX-DVSYPHBRSA-N_conf2854.npy
111,b31,"24-nor-5β-chol-22-ene-3,6-dione (trans-6ol to trans-3ol)",MTFFDDCFMIWJPC-NOGVDBCPSA-N,519,0.931172500155106,MTFFDDCFMIWJPC-NOGVDBCPSA-N_conf519.npy
111,b31,"24-nor-5β-chol-22-ene-3,6-dione (trans-6ol to trans-3ol)",MTFFDDCFMIWJPC-NOGVDBCPSA-N,3533,0.0667696288572525,MTFFDDCFMIWJPC-NOGVDBCPSA-N_conf3533.npy
111,b31,"24-nor-5β-chol-22-ene-3,6-dione (trans-6ol to trans-3ol)",MTFFDDCFMIWJPC-NOGVDBCPSA-N,3092,0.0020578709876414,MTFFDDCFMIWJPC-NOGVDBCPSA-N_conf3092.npy
112,b32,"24-nor-5β-chol-22-ene-3,6-dione (trans-6ol to cis-3ol)",MTFFDDCFMIWJPC-XNVXNBRISA-N,1733,0.9308942114274416,MTFFDDCFMIWJPC-XNVXNBRISA-N_conf1733.npy
112,b32,"24-nor-5β-chol-22-ene-3,6-dione (trans-6ol to cis-3ol)",MTFFDDCFMIWJPC-XNVXNBRISA-N,62,0.0670395970400745,MTFFDDCFMIWJPC-XNVXNBRISA-N_conf62.npy
112,b32,"24-nor-5β-chol-22-ene-3,6-dione (trans-6ol to cis-3ol)",MTFFDDCFMIWJPC-XNVXNBRISA-N,3186,0.0020661915324838,MTFFDDCFMIWJPC-XNVXNBRISA-N_conf3186.npy
113,b41,"24-nor-5β-chol-22-ene-3,6-dione (cis-6ol to trans-3ol)",MTFFDDCFMIWJPC-XIEGWDQJSA-N,973,0.9254134257546262,MTFFDDCFMIWJPC-XIEGWDQJSA-N_conf973.npy
113,b41,"24-nor-5β-chol-22-ene-3,6-dione (cis-6ol to trans-3ol)",MTFFDDCFMIWJPC-XIEGWDQJSA-N,2785,0.0724892829196845,MTFFDDCFMIWJPC-XIEGWDQJSA-N_conf2785.npy
113,b41,"24-nor-5β-chol-22-ene-3,6-dione (cis-6ol to trans-3ol)",MTFFDDCFMIWJPC-XIEGWDQJSA-N,436,0.002025403893581,MTFFDDCFMIWJPC-XIEGWDQJSA-N_conf436.npy
113,b41,"24-nor-5β-chol-22-ene-3,6-dione (cis-6ol to trans-3ol)",MTFFDDCFMIWJPC-XIEGWDQJSA-N,206,7.188743210829738e-05,MTFFDDCFMIWJPC-XIEGWDQJSA-N_conf206.npy
114,b42,"24-nor-5β-chol-22-ene-3,6-dione (cis-6ol to cis-3ol)",MTFFDDCFMIWJPC-CMOIDRFCSA-N,2647,0.9254134257546262,MTFFDDCFMIWJPC-CMOIDRFCSA-N_conf2647.npy
114,b42,"24-nor-5β-chol-22-ene-3,6-dione (cis-6ol to cis-3ol)",MTFFDDCFMIWJPC-CMOIDRFCSA-N,30,0.0724892829196845,MTFFDDCFMIWJPC-CMOIDRFCSA-N_conf30.npy
114,b42,"24-nor-5β-chol-22-ene-3,6-dione (cis-6ol to cis-3ol)",MTFFDDCFMIWJPC-CMOIDRFCSA-N,1759,0.002025403893581,MTFFDDCFMIWJPC-CMOIDRFCSA-N_conf1759.npy
114,b42,"24-nor-5β-chol-22-ene-3,6-dione (cis-6ol to cis-3ol)",MTFFDDCFMIWJPC-CMOIDRFCSA-N,2897,7.188743210829738e-05,MTFFDDCFMIWJPC-CMOIDRFCSA-N_conf2897.npy
115,c1,"4-benzoyl-3-phenyl-3,4-dihydronaphthalen-1(2H)-one  (diketone to trans-1ol)",JZYUFCHBGFELAZ-DVPIJTCCSA-N,428,1.0,JZYUFCHBGFELAZ-DVPIJTCCSA-N_conf428.npy
116,c2,"4-benzoyl-3-phenyl-3,4-dihydronaphthalen-1(2H)-one  (diketone to cis-1ol)",JZYUFCHBGFELAZ-LRLPPDEGSA-N,708,1.0,JZYUFCHBGFELAZ-LRLPPDEGSA-N_conf708.npy
117,c3,"4-benzoyl-3-phenyl-3,4-dihydronaphthalen-1(2H)-one  (diketone to trans-methanol)",JZYUFCHBGFELAZ-BROKRERSSA-N,1183,1.0,JZYUFCHBGFELAZ-BROKRERSSA-N_conf1183.npy
118,c4,"4-benzoyl-3-phenyl-3,4-dihydronaphthalen-1(2H)-one  (diketone to cis-methanol)",JZYUFCHBGFELAZ-OYPDEIEDSA-N,1072,1.0,JZYUFCHBGFELAZ-OYPDEIEDSA-N_conf1072.npy
119,c13,"4-benzoyl-3-phenyl-3,4-dihydronaphthalen-1(2H)-one (trans-1ol to trans-methanol)",CPGUTDZBKMREHK-QFFGSERESA-N,1681,0.4957421893190253,CPGUTDZBKMREHK-QFFGSERESA-N_conf1681.npy
119,c13,"4-benzoyl-3-phenyl-3,4-dihydronaphthalen-1(2H)-one (trans-1ol to trans-methanol)",CPGUTDZBKMREHK-QFFGSERESA-N,909,0.4952174192968076,CPGUTDZBKMREHK-QFFGSERESA-N_conf909.npy
119,c13,"4-benzoyl-3-phenyl-3,4-dihydronaphthalen-1(2H)-one (trans-1ol to trans-methanol)",CPGUTDZBKMREHK-QFFGSERESA-N,1628,0.0063191970683605,CPGUTDZBKMREHK-QFFGSERESA-N_conf1628.npy
119,c13,"4-benzoyl-3-phenyl-3,4-dihydronaphthalen-1(2H)-one (trans-1ol to trans-methanol)",CPGUTDZBKMREHK-QFFGSERESA-N,1660,0.0027211943158063,CPGUTDZBKMREHK-QFFGSERESA-N_conf1660.npy
120,c14,"4-benzoyl-3-phenyl-3,4-dihydronaphthalen-1(2H)-one (trans-1ol to cis-methanol)",CPGUTDZBKMREHK-PSJJKCFBSA-N,1689,0.4957421893190255,CPGUTDZBKMREHK-PSJJKCFBSA-N_conf1689.npy
120,c14,"4-benzoyl-3-phenyl-3,4-dihydronaphthalen-1(2H)-one (trans-1ol to cis-methanol)",CPGUTDZBKMREHK-PSJJKCFBSA-N,1876,0.4952174192968077,CPGUTDZBKMREHK-PSJJKCFBSA-N_conf1876.npy
120,c14,"4-benzoyl-3-phenyl-3,4-dihydronaphthalen-1(2H)-one (trans-1ol to cis-methanol)",CPGUTDZBKMREHK-PSJJKCFBSA-N,853,0.0063191970683605,CPGUTDZBKMREHK-PSJJKCFBSA-N_conf853.npy
120,c14,"4-benzoyl-3-phenyl-3,4-dihydronaphthalen-1(2H)-one (trans-1ol to cis-methanol)",CPGUTDZBKMREHK-PSJJKCFBSA-N,183,0.0027211943158063,CPGUTDZBKMREHK-PSJJKCFBSA-N_conf183.npy
121,c23,"4-benzoyl-3-phenyl-3,4-dihydronaphthalen-1(2H)-one (cis-1ol to trans-methanol)",CPGUTDZBKMREHK-VNSKILTCSA-N,842,0.5,CPGUTDZBKMREHK-VNSKILTCSA-N_conf842.npy
121,c23,"4-benzoyl-3-phenyl-3,4-dihydronaphthalen-1(2H)-one (cis-1ol to trans-methanol)",CPGUTDZBKMREHK-VNSKILTCSA-N,860,0.5,CPGUTDZBKMREHK-VNSKILTCSA-N_conf860.npy
122,c24,"4-benzoyl-3-phenyl-3,4-dihydronaphthalen-1(2H)-one (cis-1ol to cis-methanol)",CPGUTDZBKMREHK-WPLBZINNSA-N,1796,0.5002647785938485,CPGUTDZBKMREHK-WPLBZINNSA-N_conf1796.npy
122,c24,"4-benzoyl-3-phenyl-3,4-dihydronaphthalen-1(2H)-one (cis-1ol to cis-methanol)",CPGUTDZBKMREHK-WPLBZINNSA-N,1006,0.4997352214061514,CPGUTDZBKMREHK-WPLBZINNSA-N_conf1006.npy
123,c31,"4-benzoyl-3-phenyl-3,4-dihydronaphthalen-1(2H)-one (trans-methanol to trans-1ol)",DLDDAANYSAREPT-WWFPUDJXSA-N,538,0.9441064988942864,DLDDAANYSAREPT-WWFPUDJXSA-N_conf538.npy
123,c31,"4-benzoyl-3-phenyl-3,4-dihydronaphthalen-1(2H)-one (trans-methanol to trans-1ol)",DLDDAANYSAREPT-WWFPUDJXSA-N,2012,0.0279467580033402,DLDDAANYSAREPT-WWFPUDJXSA-N_conf2012.npy
123,c31,"4-benzoyl-3-phenyl-3,4-dihydronaphthalen-1(2H)-one (trans-methanol to trans-1ol)",DLDDAANYSAREPT-WWFPUDJXSA-N,1427,0.0279467431023732,DLDDAANYSAREPT-WWFPUDJXSA-N_conf1427.npy
124,c32,"4-benzoyl-3-phenyl-3,4-dihydronaphthalen-1(2H)-one (trans-methanol to cis-1ol)",DLDDAANYSAREPT-RZXYCCSUSA-N,1165,0.9441064988942864,DLDDAANYSAREPT-RZXYCCSUSA-N_conf1165.npy
124,c32,"4-benzoyl-3-phenyl-3,4-dihydronaphthalen-1(2H)-one (trans-methanol to cis-1ol)",DLDDAANYSAREPT-RZXYCCSUSA-N,1312,0.0279467580033402,DLDDAANYSAREPT-RZXYCCSUSA-N_conf1312.npy
124,c32,"4-benzoyl-3-phenyl-3,4-dihydronaphthalen-1(2H)-one (trans-methanol to cis-1ol)",DLDDAANYSAREPT-RZXYCCSUSA-N,434,0.0279467431023732,DLDDAANYSAREPT-RZXYCCSUSA-N_conf434.npy
125,c41,"4-benzoyl-3-phenyl-3,4-dihydronaphthalen-1(2H)-one (cis-methanol to trans-1ol)",DLDDAANYSAREPT-ZAXYEOTCSA-N,829,0.9902166880326196,DLDDAANYSAREPT-ZAXYEOTCSA-N_conf829.npy
125,c41,"4-benzoyl-3-phenyl-3,4-dihydronaphthalen-1(2H)-one (cis-methanol to trans-1ol)",DLDDAANYSAREPT-ZAXYEOTCSA-N,1925,0.0074689647438421,DLDDAANYSAREPT-ZAXYEOTCSA-N_conf1925.npy
125,c41,"4-benzoyl-3-phenyl-3,4-dihydronaphthalen-1(2H)-one (cis-methanol to trans-1ol)",DLDDAANYSAREPT-ZAXYEOTCSA-N,1724,0.0023143472235383,DLDDAANYSAREPT-ZAXYEOTCSA-N_conf1724.npy
126,c42,"4-benzoyl-3-phenyl-3,4-dihydronaphthalen-1(2H)-one (cis-methanol to cis-1ol)",DLDDAANYSAREPT-RWZHDOEGSA-N,2022,0.9902166880326198,DLDDAANYSAREPT-RWZHDOEGSA-N_conf2022.npy
126,c42,"4-benzoyl-3-phenyl-3,4-dihydronaphthalen-1(2H)-one (cis-methanol to cis-1ol)",DLDDAANYSAREPT-RWZHDOEGSA-N,1729,0.0074689647438421,DLDDAANYSAREPT-RWZHDOEGSA-N_conf1729.npy
126,c42,"4-benzoyl-3-phenyl-3,4-dihydronaphthalen-1(2H)-one (cis-methanol to cis-1ol)",DLDDAANYSAREPT-RWZHDOEGSA-N,642,0.0023143472235383,DLDDAANYSAREPT-RWZHDOEGSA-N_conf642.npy
127,d1,"5-benzoyloctahydro-7-nitro-3-oxo-4,6-diphenyl-1H-indene-5-carbonitrile (diketone to trans-3ol)",PLSRWRBYAQQGNN-YMICIMMMSA-N,1344,0.9974564137126424,PLSRWRBYAQQGNN-YMICIMMMSA-N_conf1344.npy
127,d1,"5-benzoyloctahydro-7-nitro-3-oxo-4,6-diphenyl-1H-indene-5-carbonitrile (diketone to trans-3ol)",PLSRWRBYAQQGNN-YMICIMMMSA-N,158,0.0025435862873576,PLSRWRBYAQQGNN-YMICIMMMSA-N_conf158.npy
128,d2,"5-benzoyloctahydro-7-nitro-3-oxo-4,6-diphenyl-1H-indene-5-carbonitrile (diketone to cis-3ol)",PLSRWRBYAQQGNN-PGRCEAHZSA-N,30,0.9974564137126424,PLSRWRBYAQQGNN-PGRCEAHZSA-N_conf30.npy
128,d2,"5-benzoyloctahydro-7-nitro-3-oxo-4,6-diphenyl-1H-indene-5-carbonitrile (diketone to cis-3ol)",PLSRWRBYAQQGNN-PGRCEAHZSA-N,2861,0.0025435862873576,PLSRWRBYAQQGNN-PGRCEAHZSA-N_conf2861.npy
129,d3,"5-benzoyloctahydro-7-nitro-3-oxo-4,6-diphenyl-1H-indene-5-carbonitrile (diketone to trans-methanol)",PLSRWRBYAQQGNN-UWMVLEJGSA-N,511,0.9974564137126424,PLSRWRBYAQQGNN-UWMVLEJGSA-N_conf511.npy
129,d3,"5-benzoyloctahydro-7-nitro-3-oxo-4,6-diphenyl-1H-indene-5-carbonitrile (diketone to trans-methanol)",PLSRWRBYAQQGNN-UWMVLEJGSA-N,3221,0.0025435862873576,PLSRWRBYAQQGNN-UWMVLEJGSA-N_conf3221.npy
130,d4,"5-benzoyloctahydro-7-nitro-3-oxo-4,6-diphenyl-1H-indene-5-carbonitrile (diketone to cis-methanol)",PLSRWRBYAQQGNN-DDOBXCKSSA-N,721,0.9974564137126424,PLSRWRBYAQQGNN-DDOBXCKSSA-N_conf721.npy
130,d4,"5-benzoyloctahydro-7-nitro-3-oxo-4,6-diphenyl-1H-indene-5-carbonitrile (diketone to cis-methanol)",PLSRWRBYAQQGNN-DDOBXCKSSA-N,2642,0.0025435862873576,PLSRWRBYAQQGNN-DDOBXCKSSA-N_conf2642.npy
131,d13,"5-benzoyloctahydro-7-nitro-3-oxo-4,6-diphenyl-1H-indene-5-carbonitrile (trans-3ol to trans-methanol)",PVVDMQFIFUBDPK-DBCKSZCESA-N,2818,0.975680403069761,PVVDMQFIFUBDPK-DBCKSZCESA-N_conf2818.npy
131,d13,"5-benzoyloctahydro-7-nitro-3-oxo-4,6-diphenyl-1H-indene-5-carbonitrile (trans-3ol to trans-methanol)",PVVDMQFIFUBDPK-DBCKSZCESA-N,3529,0.0152878251462474,PVVDMQFIFUBDPK-DBCKSZCESA-N_conf3529.npy
131,d13,"5-benzoyloctahydro-7-nitro-3-oxo-4,6-diphenyl-1H-indene-5-carbonitrile (trans-3ol to trans-methanol)",PVVDMQFIFUBDPK-DBCKSZCESA-N,3644,0.0056865392342421,PVVDMQFIFUBDPK-DBCKSZCESA-N_conf3644.npy
131,d13,"5-benzoyloctahydro-7-nitro-3-oxo-4,6-diphenyl-1H-indene-5-carbonitrile (trans-3ol to trans-methanol)",PVVDMQFIFUBDPK-DBCKSZCESA-N,1555,0.0033452325497493,PVVDMQFIFUBDPK-DBCKSZCESA-N_conf1555.npy
132,d14,"5-benzoyloctahydro-7-nitro-3-oxo-4,6-diphenyl-1H-indene-5-carbonitrile (trans-3ol to cis-methanol)",PVVDMQFIFUBDPK-JIFCSIQBSA-N,2929,0.9756921432282892,PVVDMQFIFUBDPK-JIFCSIQBSA-N_conf2929.npy
132,d14,"5-benzoyloctahydro-7-nitro-3-oxo-4,6-diphenyl-1H-indene-5-carbonitrile (trans-3ol to cis-methanol)",PVVDMQFIFUBDPK-JIFCSIQBSA-N,3687,0.0152880091014547,PVVDMQFIFUBDPK-JIFCSIQBSA-N_conf3687.npy
132,d14,"5-benzoyloctahydro-7-nitro-3-oxo-4,6-diphenyl-1H-indene-5-carbonitrile (trans-3ol to cis-methanol)",PVVDMQFIFUBDPK-JIFCSIQBSA-N,2651,0.005674574868022,PVVDMQFIFUBDPK-JIFCSIQBSA-N_conf2651.npy
132,d14,"5-benzoyloctahydro-7-nitro-3-oxo-4,6-diphenyl-1H-indene-5-carbonitrile (trans-3ol to cis-methanol)",PVVDMQFIFUBDPK-JIFCSIQBSA-N,665,0.0033452728022339,PVVDMQFIFUBDPK-JIFCSIQBSA-N_conf665.npy
133,d23,"5-benzoyloctahydro-7-nitro-3-oxo-4,6-diphenyl-1H-indene-5-carbonitrile (cis-3ol to trans-methanol)",PVVDMQFIFUBDPK-NDZOIIPPSA-N,207,1.0,PVVDMQFIFUBDPK-NDZOIIPPSA-N_conf207.npy
134,d24,"5-benzoyloctahydro-7-nitro-3-oxo-4,6-diphenyl-1H-indene-5-carbonitrile (cis-3ol to cis-methanol)",PVVDMQFIFUBDPK-GTENJMHGSA-N,2897,1.0,PVVDMQFIFUBDPK-GTENJMHGSA-N_conf2897.npy
135,d31,"5-benzoyloctahydro-7-nitro-3-oxo-4,6-diphenyl-1H-indene-5-carbonitrile (trans-methanol to trans-3ol)",NRDYHKKVKIBAKC-MNOSHWMVSA-N,962,0.9938641405354578,NRDYHKKVKIBAKC-MNOSHWMVSA-N_conf962.npy
135,d31,"5-benzoyloctahydro-7-nitro-3-oxo-4,6-diphenyl-1H-indene-5-carbonitrile (trans-methanol to trans-3ol)",NRDYHKKVKIBAKC-MNOSHWMVSA-N,807,0.0040910368469031,NRDYHKKVKIBAKC-MNOSHWMVSA-N_conf807.npy
135,d31,"5-benzoyloctahydro-7-nitro-3-oxo-4,6-diphenyl-1H-indene-5-carbonitrile (trans-methanol to trans-3ol)",NRDYHKKVKIBAKC-MNOSHWMVSA-N,618,0.0018663607210913,NRDYHKKVKIBAKC-MNOSHWMVSA-N_conf618.npy
135,d31,"5-benzoyloctahydro-7-nitro-3-oxo-4,6-diphenyl-1H-indene-5-carbonitrile (trans-methanol to trans-3ol)",NRDYHKKVKIBAKC-MNOSHWMVSA-N,1147,0.0001784618965476,NRDYHKKVKIBAKC-MNOSHWMVSA-N_conf1147.npy
136,d32,"5-benzoyloctahydro-7-nitro-3-oxo-4,6-diphenyl-1H-indene-5-carbonitrile (cis-methanol to cis-3ol)",NRDYHKKVKIBAKC-OWQDIHQOSA-N,3505,0.9937050356419808,NRDYHKKVKIBAKC-OWQDIHQOSA-N_conf3505.npy
136,d32,"5-benzoyloctahydro-7-nitro-3-oxo-4,6-diphenyl-1H-indene-5-carbonitrile (cis-methanol to cis-3ol)",NRDYHKKVKIBAKC-OWQDIHQOSA-N,2970,0.0062949643580192,NRDYHKKVKIBAKC-OWQDIHQOSA-N_conf2970.npy
137,d41,"5-benzoyloctahydro-7-nitro-3-oxo-4,6-diphenyl-1H-indene-5-carbonitrile (cis-methanol to trans-3ol)",NRDYHKKVKIBAKC-JOSUAJGWSA-N,1853,0.9937050356419808,NRDYHKKVKIBAKC-JOSUAJGWSA-N_conf1853.npy
137,d41,"5-benzoyloctahydro-7-nitro-3-oxo-4,6-diphenyl-1H-indene-5-carbonitrile (cis-methanol to trans-3ol)",NRDYHKKVKIBAKC-JOSUAJGWSA-N,2745,0.0062949643580192,NRDYHKKVKIBAKC-JOSUAJGWSA-N_conf2745.npy
138,d42,"5-benzoyloctahydro-7-nitro-3-oxo-4,6-diphenyl-1H-indene-5-carbonitrile (trans-methanol to cis-3ol)",NRDYHKKVKIBAKC-YSWLJETKSA-N,1435,0.9938641232288316,NRDYHKKVKIBAKC-YSWLJETKSA-N_conf1435.npy
138,d42,"5-benzoyloctahydro-7-nitro-3-oxo-4,6-diphenyl-1H-indene-5-carbonitrile (trans-methanol to cis-3ol)",NRDYHKKVKIBAKC-YSWLJETKSA-N,181,0.0040910367756639,NRDYHKKVKIBAKC-YSWLJETKSA-N_conf181.npy
138,d42,"5-benzoyloctahydro-7-nitro-3-oxo-4,6-diphenyl-1H-indene-5-carbonitrile (trans-methanol to cis-3ol)",NRDYHKKVKIBAKC-YSWLJETKSA-N,70,0.0018663606885915,NRDYHKKVKIBAKC-YSWLJETKSA-N_conf70.npy
138,d42,"5-benzoyloctahydro-7-nitro-3-oxo-4,6-diphenyl-1H-indene-5-carbonitrile (trans-methanol to cis-3ol)",NRDYHKKVKIBAKC-YSWLJETKSA-N,2760,0.0001784793069128,NRDYHKKVKIBAKC-YSWLJETKSA-N_conf2760.npy
139,e1,"3β,18-Cyclo-ent-trachylobane-14,15-dione (diketone to exo-15ol)",UVBDRYIUPXGITC-LBAGWYSSSA-N,1717,1.0,UVBDRYIUPXGITC-LBAGWYSSSA-N_conf1717.npy
140,e2,"3β,18-Cyclo-ent-trachylobane-14,15-dione (diketone to endo-15ol)",UVBDRYIUPXGITC-CGTNMINPSA-N,1393,1.0,UVBDRYIUPXGITC-CGTNMINPSA-N_conf1393.npy
141,e3,"3β,18-Cyclo-ent-trachylobane-14,15-dione (diketone to exo-14ol)",UVBDRYIUPXGITC-YEOVCMATSA-N,526,1.0,UVBDRYIUPXGITC-YEOVCMATSA-N_conf526.npy
142,e4,"3β,18-Cyclo-ent-trachylobane-14,15-dione (diketone to endo-14ol)",UVBDRYIUPXGITC-DOYIJFFUSA-N,2254,1.0,UVBDRYIUPXGITC-DOYIJFFUSA-N_conf2254.npy
143,e13,"3β,18-Cyclo-ent-trachylobane-14,15-dione (exo-15ol to exo-14ol)",IVOMJTYTUMAEPU-BNYPWJEISA-N,7,1.0,IVOMJTYTUMAEPU-BNYPWJEISA-N_conf7.npy
144,e14,"3β,18-Cyclo-ent-trachylobane-14,15-dione (exo-15ol to endo-14ol)",IVOMJTYTUMAEPU-IFVVCBRGSA-N,1377,1.0,IVOMJTYTUMAEPU-IFVVCBRGSA-N_conf1377.npy
145,e23,"3β,18-Cyclo-ent-trachylobane-14,15-dione (endo-15ol to exo-14ol)",IVOMJTYTUMAEPU-NHUKILISSA-N,798,1.0,IVOMJTYTUMAEPU-NHUKILISSA-N_conf798.npy
146,e24,"3β,18-Cyclo-ent-trachylobane-14,15-dione (endo-15ol to endo-14ol)",IVOMJTYTUMAEPU-NTZOYJIVSA-N,1477,1.0,IVOMJTYTUMAEPU-NTZOYJIVSA-N_conf1477.npy
147,e31,"3β,18-Cyclo-ent-trachylobane-14,15-dione (exo-14ol to exo-15ol)",CIHUIHZNFZBJLT-YMEMZECQSA-N,1997,1.0,CIHUIHZNFZBJLT-YMEMZECQSA-N_conf1997.npy
148,e32,"3β,18-Cyclo-ent-trachylobane-14,15-dione (exo-14ol to endo-15ol)",CIHUIHZNFZBJLT-NIHYJFBUSA-N,2201,1.0,CIHUIHZNFZBJLT-NIHYJFBUSA-N_conf2201.npy
149,e41,"3β,18-Cyclo-ent-trachylobane-14,15-dione (endo-14ol to exo-15ol)",CIHUIHZNFZBJLT-FLCNWGKISA-N,2291,1.0,CIHUIHZNFZBJLT-FLCNWGKISA-N_conf2291.npy
150,e42,"3β,18-Cyclo-ent-trachylobane-14,15-dione (endo-14ol to endo-15ol)",CIHUIHZNFZBJLT-SVCHTCNZSA-N,332,1.0,CIHUIHZNFZBJLT-SVCHTCNZSA-N_conf332.npy
151,f1,"Neopupukean-11(13)-en-4,10-dione (diketone to endo-cyclopentanol)",OLTFXJBPGNUYCS-SXWDLQOWSA-N,1285,0.6213176067363497,OLTFXJBPGNUYCS-SXWDLQOWSA-N_conf1285.npy
151,f1,"Neopupukean-11(13)-en-4,10-dione (diketone to endo-cyclopentanol)",OLTFXJBPGNUYCS-SXWDLQOWSA-N,1160,0.2171856144921949,OLTFXJBPGNUYCS-SXWDLQOWSA-N_conf1160.npy
151,f1,"Neopupukean-11(13)-en-4,10-dione (diketone to endo-cyclopentanol)",OLTFXJBPGNUYCS-SXWDLQOWSA-N,878,0.1614967787714553,OLTFXJBPGNUYCS-SXWDLQOWSA-N_conf878.npy
152,f2,"Neopupukean-11(13)-en-4,10-dione (diketone to exo-cyclopentanol)",OLTFXJBPGNUYCS-HMOKLJILSA-N,565,0.6213176067363497,OLTFXJBPGNUYCS-HMOKLJILSA-N_conf565.npy
152,f2,"Neopupukean-11(13)-en-4,10-dione (diketone to exo-cyclopentanol)",OLTFXJBPGNUYCS-HMOKLJILSA-N,195,0.2171856144921949,OLTFXJBPGNUYCS-HMOKLJILSA-N_conf195.npy
152,f2,"Neopupukean-11(13)-en-4,10-dione (diketone to exo-cyclopentanol)",OLTFXJBPGNUYCS-HMOKLJILSA-N,9,0.1614967787714553,OLTFXJBPGNUYCS-HMOKLJILSA-N_conf9.npy
153,f3,"Neopupukean-11(13)-en-4,10-dione (diketone to endo-cyclohexanol)",OLTFXJBPGNUYCS-UQVPQUPTSA-N,910,0.6213176067363497,OLTFXJBPGNUYCS-UQVPQUPTSA-N_conf910.npy
153,f3,"Neopupukean-11(13)-en-4,10-dione (diketone to endo-cyclohexanol)",OLTFXJBPGNUYCS-UQVPQUPTSA-N,328,0.2171856144921949,OLTFXJBPGNUYCS-UQVPQUPTSA-N_conf328.npy
153,f3,"Neopupukean-11(13)-en-4,10-dione (diketone to endo-cyclohexanol)",OLTFXJBPGNUYCS-UQVPQUPTSA-N,350,0.1614967787714553,OLTFXJBPGNUYCS-UQVPQUPTSA-N_conf350.npy
154,f4,"Neopupukean-11(13)-en-4,10-dione (diketone to exo-cyclohexanol)",OLTFXJBPGNUYCS-TUZJZFOZSA-N,888,0.6213176067363497,OLTFXJBPGNUYCS-TUZJZFOZSA-N_conf888.npy
154,f4,"Neopupukean-11(13)-en-4,10-dione (diketone to exo-cyclohexanol)",OLTFXJBPGNUYCS-TUZJZFOZSA-N,1359,0.2171856144921949,OLTFXJBPGNUYCS-TUZJZFOZSA-N_conf1359.npy
154,f4,"Neopupukean-11(13)-en-4,10-dione (diketone to exo-cyclohexanol)",OLTFXJBPGNUYCS-TUZJZFOZSA-N,684,0.1614967787714553,OLTFXJBPGNUYCS-TUZJZFOZSA-N_conf684.npy
155,f31,"Neopupukean-11(13)-en-4,10-dione (endo-cyclohexanol to endo-cyclopentanol)",YNUSLOYDHGAYPB-XFQCTZMHSA-N,1416,0.6638108342777268,YNUSLOYDHGAYPB-XFQCTZMHSA-N_conf1416.npy
155,f31,"Neopupukean-11(13)-en-4,10-dione (endo-cyclohexanol to endo-cyclopentanol)",YNUSLOYDHGAYPB-XFQCTZMHSA-N,1318,0.3207355179626992,YNUSLOYDHGAYPB-XFQCTZMHSA-N_conf1318.npy
155,f31,"Neopupukean-11(13)-en-4,10-dione (endo-cyclohexanol to endo-cyclopentanol)",YNUSLOYDHGAYPB-XFQCTZMHSA-N,1292,0.0154536477595739,YNUSLOYDHGAYPB-XFQCTZMHSA-N_conf1292.npy
156,f41,"Neopupukean-11(13)-en-4,10-dione (exo-cyclohexanol to endo-cyclopentanol)",YNUSLOYDHGAYPB-DUGYZFACSA-N,418,0.9364846599806724,YNUSLOYDHGAYPB-DUGYZFACSA-N_conf418.npy
156,f41,"Neopupukean-11(13)-en-4,10-dione (exo-cyclohexanol to endo-cyclopentanol)",YNUSLOYDHGAYPB-DUGYZFACSA-N,540,0.0353468625320925,YNUSLOYDHGAYPB-DUGYZFACSA-N_conf540.npy
156,f41,"Neopupukean-11(13)-en-4,10-dione (exo-cyclohexanol to endo-cyclopentanol)",YNUSLOYDHGAYPB-DUGYZFACSA-N,609,0.0281684774872351,YNUSLOYDHGAYPB-DUGYZFACSA-N_conf609.npy
157,f42,"Neopupukean-11(13)-en-4,10-dione (exo-cyclohexanol to exo-cyclopentanol)",YNUSLOYDHGAYPB-PVGPVLRXSA-N,1116,0.9353353264897364,YNUSLOYDHGAYPB-PVGPVLRXSA-N_conf1116.npy
157,f42,"Neopupukean-11(13)-en-4,10-dione (exo-cyclohexanol to exo-cyclopentanol)",YNUSLOYDHGAYPB-PVGPVLRXSA-N,129,0.0359864770393166,YNUSLOYDHGAYPB-PVGPVLRXSA-N_conf129.npy
157,f42,"Neopupukean-11(13)-en-4,10-dione (exo-cyclohexanol to exo-cyclopentanol)",YNUSLOYDHGAYPB-PVGPVLRXSA-N,48,0.0286781964709467,YNUSLOYDHGAYPB-PVGPVLRXSA-N_conf48.npy
158,f32,"Neopupukean-11(13)-en-4,10-dione (endo-cyclohexanol to exo-cyclopentanol)",YNUSLOYDHGAYPB-KGJWWKPOSA-N,367,0.6638108342777268,YNUSLOYDHGAYPB-KGJWWKPOSA-N_conf367.npy
158,f32,"Neopupukean-11(13)-en-4,10-dione (endo-cyclohexanol to exo-cyclopentanol)",YNUSLOYDHGAYPB-KGJWWKPOSA-N,209,0.3207355179626992,YNUSLOYDHGAYPB-KGJWWKPOSA-N_conf209.npy
158,f32,"Neopupukean-11(13)-en-4,10-dione (endo-cyclohexanol to exo-cyclopentanol)",YNUSLOYDHGAYPB-KGJWWKPOSA-N,342,0.0154536477595739,YNUSLOYDHGAYPB-KGJWWKPOSA-N_conf342.npy
159,f13,"Neopupukean-11(13)-en-4,10-dione (endo-cyclopentanol to endo-cyclohexanol)",YRPUMHYLNYRQGZ-RGVIPMAXSA-N,598,0.5814562562468096,YRPUMHYLNYRQGZ-RGVIPMAXSA-N_conf598.npy
159,f13,"Neopupukean-11(13)-en-4,10-dione (endo-cyclopentanol to endo-cyclohexanol)",YRPUMHYLNYRQGZ-RGVIPMAXSA-N,139,0.2320076726042315,YRPUMHYLNYRQGZ-RGVIPMAXSA-N_conf139.npy
159,f13,"Neopupukean-11(13)-en-4,10-dione (endo-cyclopentanol to endo-cyclohexanol)",YRPUMHYLNYRQGZ-RGVIPMAXSA-N,707,0.1865360711489588,YRPUMHYLNYRQGZ-RGVIPMAXSA-N_conf707.npy
160,f23,"Neopupukean-11(13)-en-4,10-dione (exo-cyclopentanol to endo-cyclohexanol)",YRPUMHYLNYRQGZ-SMKLAQEQSA-N,1110,0.5785582878405541,YRPUMHYLNYRQGZ-SMKLAQEQSA-N_conf1110.npy
160,f23,"Neopupukean-11(13)-en-4,10-dione (exo-cyclopentanol to endo-cyclohexanol)",YRPUMHYLNYRQGZ-SMKLAQEQSA-N,1308,0.2750027928611823,YRPUMHYLNYRQGZ-SMKLAQEQSA-N_conf1308.npy
160,f23,"Neopupukean-11(13)-en-4,10-dione (exo-cyclopentanol to endo-cyclohexanol)",YRPUMHYLNYRQGZ-SMKLAQEQSA-N,1416,0.1464389192982636,YRPUMHYLNYRQGZ-SMKLAQEQSA-N_conf1416.npy
161,f24,"Neopupukean-11(13)-en-4,10-dione (exo-cyclopentanol to exo-cyclohexanol)",YRPUMHYLNYRQGZ-HEENYJBUSA-N,1302,0.5785582878405541,YRPUMHYLNYRQGZ-HEENYJBUSA-N_conf1302.npy
161,f24,"Neopupukean-11(13)-en-4,10-dione (exo-cyclopentanol to exo-cyclohexanol)",YRPUMHYLNYRQGZ-HEENYJBUSA-N,1396,0.2750027928611823,YRPUMHYLNYRQGZ-HEENYJBUSA-N_conf1396.npy
161,f24,"Neopupukean-11(13)-en-4,10-dione (exo-cyclopentanol to exo-cyclohexanol)",YRPUMHYLNYRQGZ-HEENYJBUSA-N,452,0.1464389192982636,YRPUMHYLNYRQGZ-HEENYJBUSA-N_conf452.npy
162,f14,"Neopupukean-11(13)-en-4,10-dione (endo-cyclopentanol to exo-cyclohexanol)",YRPUMHYLNYRQGZ-ZUBQCWPDSA-N,969,0.5814562562468096,YRPUMHYLNYRQGZ-ZUBQCWPDSA-N_conf969.npy
162,f14,"Neopupukean-11(13)-en-4,10-dione (endo-cyclopentanol to exo-cyclohexanol)",YRPUMHYLNYRQGZ-ZUBQCWPDSA-N,1468,0.2320076726042315,YRPUMHYLNYRQGZ-ZUBQCWPDSA-N_conf1468.npy
162,f14,"Neopupukean-11(13)-en-4,10-dione (endo-cyclopentanol to exo-cyclohexanol)",YRPUMHYLNYRQGZ-ZUBQCWPDSA-N,487,0.1865360711489588,YRPUMHYLNYRQGZ-ZUBQCWPDSA-N_conf487.npy
163,C101,5-Chloro-2-pentanone,XVRIEWDDMODMGA-UHFFFAOYSA-N,39,0.388583406360893,XVRIEWDDMODMGA-UHFFFAOYSA-N_conf39.npy
163,C101,5-Chloro-2-pentanone,XVRIEWDDMODMGA-UHFFFAOYSA-N,73,0.388583406360893,XVRIEWDDMODMGA-UHFFFAOYSA-N_conf73.npy
163,C101,5-Chloro-2-pentanone,XVRIEWDDMODMGA-UHFFFAOYSA-N,138,0.1691456620926718,XVRIEWDDMODMGA-UHFFFAOYSA-N_conf138.npy
163,C101,5-Chloro-2-pentanone,XVRIEWDDMODMGA-UHFFFAOYSA-N,167,0.026843762592771,XVRIEWDDMODMGA-UHFFFAOYSA-N_conf167.npy
163,C101,5-Chloro-2-pentanone,XVRIEWDDMODMGA-UHFFFAOYSA-N,31,0.026843762592771,XVRIEWDDMODMGA-UHFFFAOYSA-N_conf31.npy
164,C102,5-methyl-3-heptanone,PSBKJPTZCVYXSD-UHFFFAOYSA-N,310,0.2199664020947241,PSBKJPTZCVYXSD-UHFFFAOYSA-N_conf310.npy
164,C102,5-methyl-3-heptanone,PSBKJPTZCVYXSD-UHFFFAOYSA-N,494,0.2135568377166609,PSBKJPTZCVYXSD-UHFFFAOYSA-N_conf494.npy
164,C102,5-methyl-3-heptanone,PSBKJPTZCVYXSD-UHFFFAOYSA-N,8,0.2135568377166609,PSBKJPTZCVYXSD-UHFFFAOYSA-N_conf8.npy
164,C102,5-methyl-3-heptanone,PSBKJPTZCVYXSD-UHFFFAOYSA-N,220,0.176459961235977,PSBKJPTZCVYXSD-UHFFFAOYSA-N_conf220.npy
164,C102,5-methyl-3-heptanone,PSBKJPTZCVYXSD-UHFFFAOYSA-N,95,0.176459961235977,PSBKJPTZCVYXSD-UHFFFAOYSA-N_conf95.npy
165,0.0,2'-aminoacetophenone,GTDQGKWDWVUKTI-UHFFFAOYSA-N,179,1.0,GTDQGKWDWVUKTI-UHFFFAOYSA-N_conf179.npy
166,0.0,trans-benzalacetone,BWHOZHOGCMHOBV-BQYQJAHWSA-N,209,0.4148634104127417,BWHOZHOGCMHOBV-BQYQJAHWSA-N_conf209.npy
166,0.0,trans-benzalacetone,BWHOZHOGCMHOBV-BQYQJAHWSA-N,297,0.4148634104127417,BWHOZHOGCMHOBV-BQYQJAHWSA-N_conf297.npy
166,0.0,trans-benzalacetone,BWHOZHOGCMHOBV-BQYQJAHWSA-N,131,0.0851365895872582,BWHOZHOGCMHOBV-BQYQJAHWSA-N_conf131.npy
166,0.0,trans-benzalacetone,BWHOZHOGCMHOBV-BQYQJAHWSA-N,58,0.0851365895872582,BWHOZHOGCMHOBV-BQYQJAHWSA-N_conf58.npy
