feature_index,feature,block,kind,x_grid,y_grid,z_grid,x_angstrom,y_angstrom,z_angstrom,radius_angstrom,fulltrain_coefficient,fulltrain_nonzero,outer_selection_frequency,outer_coefficient_mean,outer_coefficient_median_all,outer_coefficient_p16,outer_coefficient_p84,outer_coefficient_median_when_selected,outer_sign_consistency_when_selected,outer_dominant_sign,training_centered_effect_rms_kcal_mol,training_centered_effect_mean_abs_kcal_mol,training_centered_effect_max_abs_kcal_mol,stability_weighted_abs_coefficient
0,"electronic:grid:(-5, 1, -2)",electronic,grid,-5.0,1.0,-2.0,-5.291772109029999,1.058354421806,-2.116708843612,5.796845906584836,-0.0,False,0.2289156626506024,-0.0018970629237141982,0.0,-0.0019322976957340397,-0.0,-0.006258860231732949,1.0,negative,0.0,0.0,0.0,0.0
1,"electronic:grid:(-5, 1, -1)",electronic,grid,-5.0,1.0,-1.0,-5.291772109029999,1.058354421806,-1.058354421806,5.499370892949523,-0.0,False,0.0,0.0,0.0,0.0,-0.0,0.0,0.0,not_selected,0.0,0.0,0.0,0.0
2,"electronic:grid:(-5, 1, 1)",electronic,grid,-5.0,1.0,1.0,-5.291772109029999,1.058354421806,1.058354421806,5.499370892949523,-0.04427904284405549,True,1.0,-0.04352719998191731,-0.04524105020971206,-0.05048291110362464,-0.03839264524463513,-0.04524105020971206,1.0,negative,0.1376179585283081,0.10423042814005792,0.41297673700289617,0.04427904284405549
3,"electronic:grid:(-5, 1, 2)",electronic,grid,-5.0,1.0,2.0,-5.291772109029999,1.058354421806,2.116708843612,5.796845906584836,-0.07857245085557309,True,1.0,-0.07442301778324094,-0.07665534644451596,-0.07946066105992326,-0.06869612673484002,-0.07665534644451596,1.0,negative,0.17755014408446854,0.14308265062869077,0.66728340012506,0.07857245085557309
4,"electronic:grid:(-5, 1, 3)",electronic,grid,-5.0,1.0,3.0,-5.291772109029999,1.058354421806,3.1750632654179998,6.26130919820056,0.0,False,0.0,0.0,0.0,0.0,0.0,0.0,0.0,not_selected,0.0,0.0,0.0,0.0
5,"electronic:grid:(-5, 2, -2)",electronic,grid,-5.0,2.0,-2.0,-5.291772109029999,2.116708843612,-2.116708843612,6.0797832783051,0.0,False,0.012048192771084338,1.9837019982761238e-05,0.0,0.0,0.0,0.0016464726585691826,1.0,positive,0.0,0.0,0.0,0.0
6,"electronic:grid:(-5, 2, -1)",electronic,grid,-5.0,2.0,-1.0,-5.291772109029999,2.116708843612,-1.058354421806,5.796845906584836,0.0,False,0.08433734939759036,0.0003827990482127724,0.0,0.0,0.0,0.002303233570893972,1.0,positive,0.0,0.0,0.0,0.0
7,"electronic:grid:(-5, 2, 1)",electronic,grid,-5.0,2.0,1.0,-5.291772109029999,2.116708843612,1.058354421806,5.796845906584836,0.0024121507399854293,True,0.6506024096385542,0.0038217907387999347,0.001967017749752161,0.0,0.007518500703703512,0.0038423685213449885,1.0,positive,0.006956516714004743,0.005141610209586628,0.024399380528865665,0.001569351083845942
8,"electronic:grid:(-5, 2, 2)",electronic,grid,-5.0,2.0,2.0,-5.291772109029999,2.116708843612,2.116708843612,6.0797832783051,0.0,False,0.024096385542168676,2.6002562425744323e-05,0.0,0.0,0.0,0.0010791063406683894,1.0,positive,0.0,0.0,0.0,0.0
9,"electronic:grid:(-5, 2, 3)",electronic,grid,-5.0,2.0,3.0,-5.291772109029999,2.116708843612,3.1750632654179998,6.52413481788504,-0.0,False,0.0,0.0,0.0,0.0,-0.0,0.0,0.0,not_selected,0.0,0.0,0.0,0.0
10,"electronic:grid:(-5, 3, -2)",electronic,grid,-5.0,3.0,-2.0,-5.291772109029999,3.1750632654179998,-2.116708843612,6.52413481788504,0.0,False,0.0,0.0,0.0,0.0,0.0,0.0,0.0,not_selected,0.0,0.0,0.0,0.0
11,"electronic:grid:(-5, 3, -1)",electronic,grid,-5.0,3.0,-1.0,-5.291772109029999,3.1750632654179998,-1.058354421806,6.26130919820056,-0.0,False,0.0,0.0,0.0,0.0,-0.0,0.0,0.0,not_selected,0.0,0.0,0.0,0.0
12,"electronic:grid:(-5, 3, 1)",electronic,grid,-5.0,3.0,1.0,-5.291772109029999,3.1750632654179998,1.058354421806,6.26130919820056,-0.0,False,0.0,0.0,0.0,0.0,-0.0,0.0,0.0,not_selected,0.0,0.0,0.0,0.0
13,"electronic:grid:(-5, 3, 2)",electronic,grid,-5.0,3.0,2.0,-5.291772109029999,3.1750632654179998,2.116708843612,6.52413481788504,-0.0,False,0.0,0.0,0.0,0.0,0.0,0.0,0.0,not_selected,0.0,0.0,0.0,0.0
14,"electronic:grid:(-5, 3, 3)",electronic,grid,-5.0,3.0,3.0,-5.291772109029999,3.1750632654179998,3.1750632654179998,6.940094057916033,-0.0,False,0.0,0.0,0.0,0.0,0.0,0.0,0.0,not_selected,0.0,0.0,0.0,0.0
15,"electronic:grid:(-4, 1, -2)",electronic,grid,-4.0,1.0,-2.0,-4.233417687224,1.058354421806,-2.116708843612,4.849989250017216,0.03762370608846749,True,1.0,0.03817914701708335,0.0377446281257694,0.031098416920655254,0.04341660726827566,0.0377446281257694,1.0,positive,0.132542324212958,0.11488365135817409,0.30119441595280627,0.03762370608846749
16,"electronic:grid:(-4, 1, -1)",electronic,grid,-4.0,1.0,-1.0,-4.233417687224,1.058354421806,-1.058354421806,4.490217531346741,0.0,False,0.07228915662650602,0.00042882807834777805,0.0,0.0,0.0,0.002324528039929715,1.0,positive,0.0,0.0,0.0,0.0
17,"electronic:grid:(-4, 1, 1)",electronic,grid,-4.0,1.0,1.0,-4.233417687224,1.058354421806,1.058354421806,4.490217531346741,0.0,False,0.012048192771084338,2.5355539178607805e-05,0.0,0.0,0.0,0.002104509751824448,1.0,positive,0.0,0.0,0.0,0.0
18,"electronic:grid:(-4, 1, 2)",electronic,grid,-4.0,1.0,2.0,-4.233417687224,1.058354421806,2.116708843612,4.849989250017216,0.08912809721943386,True,1.0,0.0865229369640947,0.08831783165738122,0.07955837151655899,0.09422284123528075,0.08831783165738122,1.0,positive,0.31649128914847907,0.276065587638456,0.7133111108974234,0.08912809721943386
19,"electronic:grid:(-4, 1, 3)",electronic,grid,-4.0,1.0,3.0,-4.233417687224,1.058354421806,3.1750632654179998,5.396569849086003,0.0,False,0.3373493975903614,0.0015286916129810164,0.0,0.0,0.0018246898568510831,0.0017300722890165794,1.0,positive,0.0,0.0,0.0,0.0
20,"electronic:grid:(-4, 2, -2)",electronic,grid,-4.0,2.0,-2.0,-4.233417687224,2.116708843612,-2.116708843612,5.184856600886035,0.02134489288323344,True,0.9036144578313253,0.016929718066406384,0.019093810028951698,0.00705640425959213,0.022850785893974344,0.019852760707664275,1.0,positive,0.07151711631805945,0.056602178766859954,0.20406269574466462,0.0192875538101507
21,"electronic:grid:(-4, 2, -1)",electronic,grid,-4.0,2.0,-1.0,-4.233417687224,2.116708843612,-1.058354421806,4.849989250017216,0.0,False,0.012048192771084338,-7.558859850300148e-05,0.0,0.0,0.0,-0.006273853675749123,1.0,negative,0.0,0.0,0.0,0.0
22,"electronic:grid:(-4, 2, 1)",electronic,grid,-4.0,2.0,1.0,-4.233417687224,2.116708843612,1.058354421806,4.849989250017216,-0.0,False,0.024096385542168676,-0.0001214169913487402,0.0,0.0,-0.0,-0.005038805140972718,1.0,negative,0.0,0.0,0.0,0.0
23,"electronic:grid:(-4, 2, 2)",electronic,grid,-4.0,2.0,2.0,-4.233417687224,2.116708843612,2.116708843612,5.184856600886035,0.0,False,0.0,0.0,0.0,0.0,0.0,0.0,0.0,not_selected,0.0,0.0,0.0,0.0
24,"electronic:grid:(-4, 2, 3)",electronic,grid,-4.0,2.0,3.0,-4.233417687224,2.116708843612,3.1750632654179998,5.699412985784857,-0.0,False,0.0,0.0,0.0,0.0,0.0,0.0,0.0,not_selected,0.0,0.0,0.0,0.0
25,"electronic:grid:(-4, 3, -2)",electronic,grid,-4.0,3.0,-2.0,-4.233417687224,3.1750632654179998,-2.116708843612,5.699412985784857,0.04078027347458779,True,0.9759036144578314,0.039184441822182906,0.0409392153952385,0.03480778107696107,0.04627587622283355,0.04095960169694907,1.0,positive,0.09044950988329338,0.07271607951256055,0.405499064902203,0.03979761628242905
26,"electronic:grid:(-4, 3, -1)",electronic,grid,-4.0,3.0,-1.0,-4.233417687224,3.1750632654179998,-1.058354421806,5.396569849086003,0.0,False,0.1566265060240964,0.0012591803167366952,0.0,0.0,0.0,0.0043853579380786125,1.0,positive,0.0,0.0,0.0,0.0
27,"electronic:grid:(-4, 3, 1)",electronic,grid,-4.0,3.0,1.0,-4.233417687224,3.1750632654179998,1.058354421806,5.396569849086003,0.0,False,0.0,0.0,0.0,0.0,0.0,0.0,0.0,not_selected,0.0,0.0,0.0,0.0
28,"electronic:grid:(-4, 3, 2)",electronic,grid,-4.0,3.0,2.0,-4.233417687224,3.1750632654179998,2.116708843612,5.699412985784857,0.0,False,0.0,0.0,0.0,0.0,0.0,0.0,0.0,not_selected,0.0,0.0,0.0,0.0
29,"electronic:grid:(-4, 3, 3)",electronic,grid,-4.0,3.0,3.0,-4.233417687224,3.1750632654179998,3.1750632654179998,6.171213721247598,0.0,False,0.060240963855421686,0.0008510836238462197,0.0,0.0,0.0,0.016579537554594296,1.0,positive,0.0,0.0,0.0,0.0
30,"electronic:grid:(-3, 1, -2)",electronic,grid,-3.0,1.0,-2.0,-3.1750632654179998,1.058354421806,-2.116708843612,3.9599996401752833,0.032820207915561214,True,0.9879518072289156,0.031707253277517805,0.032337639754488764,0.027101682719380404,0.03715485964093162,0.032339110101744256,1.0,positive,0.09920907830661047,0.08574283228955562,0.25295802987194416,0.032424783723807464
31,"electronic:grid:(-3, 1, -1)",electronic,grid,-3.0,1.0,-1.0,-3.1750632654179998,1.058354421806,-1.058354421806,3.510164512344035,-0.0,False,0.0,0.0,0.0,0.0,-0.0,0.0,0.0,not_selected,0.0,0.0,0.0,0.0
32,"electronic:grid:(-3, 1, 1)",electronic,grid,-3.0,1.0,1.0,-3.1750632654179998,1.058354421806,1.058354421806,3.510164512344035,-0.0,False,0.03614457831325301,-0.0002893785068706541,0.0,0.0,-0.0,-0.007818173447602642,1.0,negative,0.0,0.0,0.0,0.0
33,"electronic:grid:(-3, 1, 2)",electronic,grid,-3.0,1.0,2.0,-3.1750632654179998,1.058354421806,2.116708843612,3.9599996401752833,0.056413816577049455,True,1.0,0.05656052879428971,0.057246213308089565,0.048262742217573235,0.06261266670991457,0.057246213308089565,1.0,positive,0.17446730245710318,0.1508265118616728,0.4407899220609553,0.056413816577049455
34,"electronic:grid:(-3, 1, 3)",electronic,grid,-3.0,1.0,3.0,-3.1750632654179998,1.058354421806,3.1750632654179998,4.613259971101774,0.0,False,0.0,0.0,0.0,0.0,0.0,0.0,0.0,not_selected,0.0,0.0,0.0,0.0
35,"electronic:grid:(-3, 2, -2)",electronic,grid,-3.0,2.0,-2.0,-3.1750632654179998,2.116708843612,-2.116708843612,4.363707070445645,0.0,False,0.0,0.0,0.0,0.0,0.0,0.0,0.0,not_selected,0.0,0.0,0.0,0.0
36,"electronic:grid:(-3, 2, -1)",electronic,grid,-3.0,2.0,-1.0,-3.1750632654179998,2.116708843612,-1.058354421806,3.9599996401752833,-0.10506915675962378,True,1.0,-0.09977324328199808,-0.1040134708001949,-0.11306320227028596,-0.08581641844476942,-0.1040134708001949,1.0,negative,0.21996224526014094,0.17410974246545416,0.6170886642700779,0.10506915675962378
37,"electronic:grid:(-3, 2, 1)",electronic,grid,-3.0,2.0,1.0,-3.1750632654179998,2.116708843612,1.058354421806,3.9599996401752833,-0.0,False,0.0,0.0,0.0,0.0,-0.0,0.0,0.0,not_selected,0.0,0.0,0.0,0.0
38,"electronic:grid:(-3, 2, 2)",electronic,grid,-3.0,2.0,2.0,-3.1750632654179998,2.116708843612,2.116708843612,4.363707070445645,0.0,False,0.0,0.0,0.0,0.0,-0.0,0.0,0.0,not_selected,0.0,0.0,0.0,0.0
39,"electronic:grid:(-3, 2, 3)",electronic,grid,-3.0,2.0,3.0,-3.1750632654179998,2.116708843612,3.1750632654179998,4.9641222595176755,-0.0,False,0.012048192771084338,-0.0001486835109346765,0.0,0.0,0.0,-0.012340731407578149,1.0,negative,0.0,0.0,0.0,0.0
40,"electronic:grid:(-3, 3, -2)",electronic,grid,-3.0,3.0,-2.0,-3.1750632654179998,3.1750632654179998,-2.116708843612,4.9641222595176755,-0.04892333490713708,True,0.963855421686747,-0.04336401791913386,-0.04836915322106612,-0.0511482399361904,-0.034788518837034155,-0.048569356947810796,1.0,negative,0.14483615969525596,0.11292890092225809,0.3236992760834062,0.04715502159724056
41,"electronic:grid:(-3, 3, -1)",electronic,grid,-3.0,3.0,-1.0,-3.1750632654179998,3.1750632654179998,-1.058354421806,4.613259971101774,0.0,False,0.0,0.0,0.0,0.0,0.0,0.0,0.0,not_selected,0.0,0.0,0.0,0.0
42,"electronic:grid:(-3, 3, 1)",electronic,grid,-3.0,3.0,1.0,-3.1750632654179998,3.1750632654179998,1.058354421806,4.613259971101774,0.0,False,0.012048192771084338,3.086597000403728e-05,0.0,0.0,0.0,0.0025618755103350944,1.0,positive,0.0,0.0,0.0,0.0
43,"electronic:grid:(-3, 3, 2)",electronic,grid,-3.0,3.0,2.0,-3.1750632654179998,3.1750632654179998,2.116708843612,4.9641222595176755,-0.0,False,0.18072289156626506,-0.002765464375349146,0.0,-5.744004456860313e-05,-0.0,-0.004946949482744724,1.0,negative,0.0,0.0,0.0,0.0
44,"electronic:grid:(-3, 3, 3)",electronic,grid,-3.0,3.0,3.0,-3.1750632654179998,3.1750632654179998,3.1750632654179998,5.499370892949523,0.0,False,0.012048192771084338,0.00026097096548289385,0.0,0.0,0.0,0.021660590135080187,1.0,positive,0.0,0.0,0.0,0.0
45,"electronic:grid:(-2, 1, -2)",electronic,grid,-2.0,1.0,-2.0,-2.116708843612,1.058354421806,-2.116708843612,3.1750632654179998,-0.0,False,0.012048192771084338,-0.0002548414789874337,0.0,0.0,-0.0,-0.021151842755957,1.0,negative,0.0,0.0,0.0,0.0
46,"electronic:grid:(-2, 1, -1)",electronic,grid,-2.0,1.0,-1.0,-2.116708843612,1.058354421806,-1.058354421806,2.5924283004430175,-0.0,False,0.0,0.0,0.0,0.0,-0.0,0.0,0.0,not_selected,0.0,0.0,0.0,0.0
47,"electronic:grid:(-2, 1, 1)",electronic,grid,-2.0,1.0,1.0,-2.116708843612,1.058354421806,1.058354421806,2.5924283004430175,-0.0,False,0.0,0.0,0.0,0.0,0.0,0.0,0.0,not_selected,0.0,0.0,0.0,0.0
48,"electronic:grid:(-2, 1, 2)",electronic,grid,-2.0,1.0,2.0,-2.116708843612,1.058354421806,2.116708843612,3.1750632654179998,-0.0,False,0.0,0.0,0.0,0.0,-0.0,0.0,0.0,not_selected,0.0,0.0,0.0,0.0
49,"electronic:grid:(-2, 1, 3)",electronic,grid,-2.0,1.0,3.0,-2.116708843612,1.058354421806,3.1750632654179998,3.9599996401752833,-0.0,False,0.060240963855421686,-0.00031311924007141955,0.0,0.0,-0.0,-0.005044403327309743,1.0,negative,0.0,0.0,0.0,0.0
50,"electronic:grid:(-2, 2, -2)",electronic,grid,-2.0,2.0,-2.0,-2.116708843612,2.116708843612,-2.116708843612,3.6662472619663484,0.07184965717670275,True,1.0,0.08117527013949849,0.07558822675652346,0.06582061763068885,0.10340154780729637,0.07558822675652346,1.0,positive,0.1950720041132628,0.15676888852185827,0.5285028076979987,0.07184965717670275
51,"electronic:grid:(-2, 2, -1)",electronic,grid,-2.0,2.0,-1.0,-2.116708843612,2.116708843612,-1.058354421806,3.1750632654179998,0.0,False,0.0,0.0,0.0,0.0,0.0,0.0,0.0,not_selected,0.0,0.0,0.0,0.0
52,"electronic:grid:(-2, 2, 1)",electronic,grid,-2.0,2.0,1.0,-2.116708843612,2.116708843612,1.058354421806,3.1750632654179998,0.01237281590875829,True,0.6626506024096386,0.01143623980091208,0.009966995384698267,0.0,0.02061640718547516,0.01413716326380355,1.0,positive,0.014855748393013318,0.011460824456178301,0.03751398977144061,0.00819885391544224
53,"electronic:grid:(-2, 2, 2)",electronic,grid,-2.0,2.0,2.0,-2.116708843612,2.116708843612,2.116708843612,3.6662472619663484,0.2214367876428689,True,1.0,0.20995813566192822,0.21569539014891087,0.1846435442339775,0.22514568484898684,0.21569539014891087,1.0,positive,0.5889630549926703,0.4716042634903347,1.6015256293058608,0.2214367876428689
54,"electronic:grid:(-2, 2, 3)",electronic,grid,-2.0,2.0,3.0,-2.116708843612,2.116708843612,3.1750632654179998,4.363707070445645,-0.0,False,0.03614457831325301,-0.0003898488475218649,0.0,0.0,-0.0,-0.015503817122104184,1.0,negative,0.0,0.0,0.0,0.0
55,"electronic:grid:(-2, 3, -2)",electronic,grid,-2.0,3.0,-2.0,-2.116708843612,3.1750632654179998,-2.116708843612,4.363707070445645,0.06345162357896836,True,1.0,0.06008727553547983,0.06136205469661275,0.05397979723365836,0.06873929803217597,0.06136205469661275,1.0,positive,0.14558939041974966,0.11186743673465667,0.32701126103643674,0.06345162357896836
56,"electronic:grid:(-2, 3, -1)",electronic,grid,-2.0,3.0,-1.0,-2.116708843612,3.1750632654179998,-1.058354421806,3.9599996401752833,0.0,False,0.0,0.0,0.0,0.0,0.0,0.0,0.0,not_selected,0.0,0.0,0.0,0.0
57,"electronic:grid:(-2, 3, 1)",electronic,grid,-2.0,3.0,1.0,-2.116708843612,3.1750632654179998,1.058354421806,3.9599996401752833,0.0,False,0.0,0.0,0.0,0.0,0.0,0.0,0.0,not_selected,0.0,0.0,0.0,0.0
58,"electronic:grid:(-2, 3, 2)",electronic,grid,-2.0,3.0,2.0,-2.116708843612,3.1750632654179998,2.116708843612,4.363707070445645,0.0,False,0.0,0.0,0.0,0.0,0.0,0.0,0.0,not_selected,0.0,0.0,0.0,0.0
59,"electronic:grid:(-2, 3, 3)",electronic,grid,-2.0,3.0,3.0,-2.116708843612,3.1750632654179998,3.1750632654179998,4.9641222595176755,0.0,False,0.012048192771084338,0.00011398164816900787,0.0,0.0,0.0,0.009460476798027653,1.0,positive,0.0,0.0,0.0,0.0
60,"electronic:grid:(-1, 1, -2)",electronic,grid,-1.0,1.0,-2.0,-1.058354421806,1.058354421806,-2.116708843612,2.5924283004430175,0.0,False,0.0,0.0,0.0,0.0,0.0,0.0,0.0,not_selected,0.0,0.0,0.0,0.0
61,"electronic:grid:(-1, 1, -1)",electronic,grid,-1.0,1.0,-1.0,-1.058354421806,1.058354421806,-1.058354421806,1.8331236309831742,-0.0,False,0.0,0.0,0.0,0.0,-0.0,0.0,0.0,not_selected,0.0,0.0,0.0,0.0
62,"electronic:grid:(-1, 1, 1)",electronic,grid,-1.0,1.0,1.0,-1.058354421806,1.058354421806,1.058354421806,1.8331236309831742,-0.0,False,0.0,0.0,0.0,0.0,-0.0,0.0,0.0,not_selected,0.0,0.0,0.0,0.0
63,"electronic:grid:(-1, 1, 2)",electronic,grid,-1.0,1.0,2.0,-1.058354421806,1.058354421806,2.116708843612,2.5924283004430175,0.0,False,0.0,0.0,0.0,0.0,0.0,0.0,0.0,not_selected,0.0,0.0,0.0,0.0
64,"electronic:grid:(-1, 1, 3)",electronic,grid,-1.0,1.0,3.0,-1.058354421806,1.058354421806,3.1750632654179998,3.510164512344035,0.0,False,0.024096385542168676,0.00031005913580533606,0.0,0.0,0.0,0.012867454135921446,1.0,positive,0.0,0.0,0.0,0.0
65,"electronic:grid:(-1, 2, -2)",electronic,grid,-1.0,2.0,-2.0,-1.058354421806,2.116708843612,-2.116708843612,3.1750632654179998,0.0,False,0.0,0.0,0.0,0.0,0.0,0.0,0.0,not_selected,0.0,0.0,0.0,0.0
66,"electronic:grid:(-1, 2, -1)",electronic,grid,-1.0,2.0,-1.0,-1.058354421806,2.116708843612,-1.058354421806,2.5924283004430175,-0.0,False,0.0,0.0,0.0,0.0,-0.0,0.0,0.0,not_selected,0.0,0.0,0.0,0.0
67,"electronic:grid:(-1, 2, 1)",electronic,grid,-1.0,2.0,1.0,-1.058354421806,2.116708843612,1.058354421806,2.5924283004430175,-0.0,False,0.0,0.0,0.0,0.0,-0.0,0.0,0.0,not_selected,0.0,0.0,0.0,0.0
68,"electronic:grid:(-1, 2, 2)",electronic,grid,-1.0,2.0,2.0,-1.058354421806,2.116708843612,2.116708843612,3.1750632654179998,-0.0,False,0.0,0.0,0.0,0.0,-0.0,0.0,0.0,not_selected,0.0,0.0,0.0,0.0
69,"electronic:grid:(-1, 2, 3)",electronic,grid,-1.0,2.0,3.0,-1.058354421806,2.116708843612,3.1750632654179998,3.9599996401752833,0.0,False,0.024096385542168676,0.00046057873183433056,0.0,0.0,0.0,0.01911401737112472,1.0,positive,0.0,0.0,0.0,0.0
70,"electronic:grid:(-1, 3, -2)",electronic,grid,-1.0,3.0,-2.0,-1.058354421806,3.1750632654179998,-2.116708843612,3.9599996401752833,0.0,False,0.26506024096385544,0.0020125307969537905,0.0,0.0,0.0033448300297057964,0.005328727998976551,1.0,positive,0.0,0.0,0.0,0.0
71,"electronic:grid:(-1, 3, -1)",electronic,grid,-1.0,3.0,-1.0,-1.058354421806,3.1750632654179998,-1.058354421806,3.510164512344035,-0.08054811820435726,True,1.0,-0.08106591749633689,-0.08010985235081697,-0.09526755302588945,-0.07038284482135798,-0.08010985235081697,1.0,negative,0.2077857198479941,0.17364643965487617,0.5275027546343248,0.08054811820435726
72,"electronic:grid:(-1, 3, 1)",electronic,grid,-1.0,3.0,1.0,-1.058354421806,3.1750632654179998,1.058354421806,3.510164512344035,-0.0,False,0.024096385542168676,-0.00012602565984416288,0.0,0.0,-0.0,-0.0052300648835327595,1.0,negative,0.0,0.0,0.0,0.0
73,"electronic:grid:(-1, 3, 2)",electronic,grid,-1.0,3.0,2.0,-1.058354421806,3.1750632654179998,2.116708843612,3.9599996401752833,0.0,False,0.0,0.0,0.0,0.0,0.0,0.0,0.0,not_selected,0.0,0.0,0.0,0.0
74,"electronic:grid:(-1, 3, 3)",electronic,grid,-1.0,3.0,3.0,-1.058354421806,3.1750632654179998,3.1750632654179998,4.613259971101774,0.1513268112078794,True,1.0,0.147415224582801,0.14941980077282568,0.14198017534657376,0.15446568137331151,0.14941980077282568,1.0,positive,0.29888173351317004,0.23797251817528783,0.9208204050088672,0.1513268112078794
75,"electronic:grid:(1, 1, -2)",electronic,grid,1.0,1.0,-2.0,1.058354421806,1.058354421806,-2.116708843612,2.5924283004430175,0.07055555001469974,True,1.0,0.06709474010442758,0.06797103694570839,0.05363667388493221,0.0793650794022147,0.06797103694570839,1.0,positive,0.07815575979214186,0.0561239754811811,0.2997453699087862,0.07055555001469974
76,"electronic:grid:(1, 1, -1)",electronic,grid,1.0,1.0,-1.0,1.058354421806,1.058354421806,-1.058354421806,1.8331236309831742,0.0,False,0.0,0.0,0.0,0.0,0.0,0.0,0.0,not_selected,0.0,0.0,0.0,0.0
77,"electronic:grid:(1, 1, 1)",electronic,grid,1.0,1.0,1.0,1.058354421806,1.058354421806,1.058354421806,1.8331236309831742,0.0,False,0.0,0.0,0.0,0.0,0.0,0.0,0.0,not_selected,0.0,0.0,0.0,0.0
78,"electronic:grid:(1, 1, 2)",electronic,grid,1.0,1.0,2.0,1.058354421806,1.058354421806,2.116708843612,2.5924283004430175,0.0,False,0.0,0.0,0.0,0.0,0.0,0.0,0.0,not_selected,0.0,0.0,0.0,0.0
79,"electronic:grid:(1, 1, 3)",electronic,grid,1.0,1.0,3.0,1.058354421806,1.058354421806,3.1750632654179998,3.510164512344035,0.0,False,0.012048192771084338,0.0004068050186713417,0.0,0.0,0.0,0.03376481654972136,1.0,positive,0.0,0.0,0.0,0.0
80,"electronic:grid:(1, 2, -2)",electronic,grid,1.0,2.0,-2.0,1.058354421806,2.116708843612,-2.116708843612,3.1750632654179998,0.0,False,0.0,0.0,0.0,0.0,0.0,0.0,0.0,not_selected,0.0,0.0,0.0,0.0
81,"electronic:grid:(1, 2, -1)",electronic,grid,1.0,2.0,-1.0,1.058354421806,2.116708843612,-1.058354421806,2.5924283004430175,0.0,False,0.0,0.0,0.0,0.0,0.0,0.0,0.0,not_selected,0.0,0.0,0.0,0.0
82,"electronic:grid:(1, 2, 1)",electronic,grid,1.0,2.0,1.0,1.058354421806,2.116708843612,1.058354421806,2.5924283004430175,0.0,False,0.0,0.0,0.0,0.0,0.0,0.0,0.0,not_selected,0.0,0.0,0.0,0.0
83,"electronic:grid:(1, 2, 2)",electronic,grid,1.0,2.0,2.0,1.058354421806,2.116708843612,2.116708843612,3.1750632654179998,-0.0,False,0.0,0.0,0.0,0.0,-0.0,0.0,0.0,not_selected,0.0,0.0,0.0,0.0
84,"electronic:grid:(1, 2, 3)",electronic,grid,1.0,2.0,3.0,1.058354421806,2.116708843612,3.1750632654179998,3.9599996401752833,-0.0,False,0.0,0.0,0.0,0.0,-0.0,0.0,0.0,not_selected,0.0,0.0,0.0,0.0
85,"electronic:grid:(1, 3, -2)",electronic,grid,1.0,3.0,-2.0,1.058354421806,3.1750632654179998,-2.116708843612,3.9599996401752833,-0.009561985246992137,True,0.6506024096385542,-0.010184649094041374,-0.006834099430190434,-0.020075021237302103,-0.0,-0.012219489717364324,1.0,negative,0.025962749824019013,0.02092701361523028,0.05358991137590433,0.006221050642621391
86,"electronic:grid:(1, 3, -1)",electronic,grid,1.0,3.0,-1.0,1.058354421806,3.1750632654179998,-1.058354421806,3.510164512344035,0.0,False,0.0,0.0,0.0,0.0,0.0,0.0,0.0,not_selected,0.0,0.0,0.0,0.0
87,"electronic:grid:(1, 3, 1)",electronic,grid,1.0,3.0,1.0,1.058354421806,3.1750632654179998,1.058354421806,3.510164512344035,0.006604398900788538,True,0.7590361445783133,0.011477587585488839,0.009075126043670362,0.0,0.0230868424155096,0.012455919468458622,1.0,positive,0.012957891708046052,0.011207235503386563,0.03284303860430846,0.005012977478911782
88,"electronic:grid:(1, 3, 2)",electronic,grid,1.0,3.0,2.0,1.058354421806,3.1750632654179998,2.116708843612,3.9599996401752833,-0.01678898748249293,True,0.8313253012048193,-0.014036589290019563,-0.013380376528998225,-0.023893608612043912,-5.1589114405055074e-05,-0.016877704173327217,1.0,negative,0.045341542492667995,0.0370151315528071,0.09463495760288443,0.013957110075807376
89,"electronic:grid:(1, 3, 3)",electronic,grid,1.0,3.0,3.0,1.058354421806,3.1750632654179998,3.1750632654179998,4.613259971101774,0.0,False,0.024096385542168676,0.000144177510217257,0.0,0.0,0.0,0.005983366674016166,1.0,positive,0.0,0.0,0.0,0.0
90,"electronic:grid:(2, 1, -2)",electronic,grid,2.0,1.0,-2.0,2.116708843612,1.058354421806,-2.116708843612,3.1750632654179998,0.0,False,0.0,0.0,0.0,0.0,0.0,0.0,0.0,not_selected,0.0,0.0,0.0,0.0
91,"electronic:grid:(2, 1, -1)",electronic,grid,2.0,1.0,-1.0,2.116708843612,1.058354421806,-1.058354421806,2.5924283004430175,-0.0,False,0.0,0.0,0.0,0.0,-0.0,0.0,0.0,not_selected,0.0,0.0,0.0,0.0
92,"electronic:grid:(2, 1, 1)",electronic,grid,2.0,1.0,1.0,2.116708843612,1.058354421806,1.058354421806,2.5924283004430175,-0.0,False,0.0,0.0,0.0,0.0,-0.0,0.0,0.0,not_selected,0.0,0.0,0.0,0.0
93,"electronic:grid:(2, 1, 2)",electronic,grid,2.0,1.0,2.0,2.116708843612,1.058354421806,2.116708843612,3.1750632654179998,0.0,False,0.0,0.0,0.0,0.0,0.0,0.0,0.0,not_selected,0.0,0.0,0.0,0.0
94,"electronic:grid:(2, 1, 3)",electronic,grid,2.0,1.0,3.0,2.116708843612,1.058354421806,3.1750632654179998,3.9599996401752833,0.0,False,0.0,0.0,0.0,0.0,0.0,0.0,0.0,not_selected,0.0,0.0,0.0,0.0
95,"electronic:grid:(2, 2, -2)",electronic,grid,2.0,2.0,-2.0,2.116708843612,2.116708843612,-2.116708843612,3.6662472619663484,0.10646916830352297,True,0.9879518072289156,0.10544884300011441,0.10737406238326035,0.09032051114651231,0.11939187405685867,0.10740203827125233,1.0,positive,0.18769624351926295,0.1573007860830996,0.6320986870775387,0.10518640723962511
96,"electronic:grid:(2, 2, -1)",electronic,grid,2.0,2.0,-1.0,2.116708843612,2.116708843612,-1.058354421806,3.1750632654179998,0.04919015592465809,True,0.9518072289156626,0.04759319251607603,0.05006499132408717,0.026075648667893827,0.06493739471551552,0.05079710941314607,1.0,positive,0.11242467142637434,0.0921812683340722,0.19068062522971665,0.04681954600057818
97,"electronic:grid:(2, 2, 1)",electronic,grid,2.0,2.0,1.0,2.116708843612,2.116708843612,1.058354421806,3.1750632654179998,0.0,False,0.0,0.0,0.0,0.0,0.0,0.0,0.0,not_selected,0.0,0.0,0.0,0.0
98,"electronic:grid:(2, 2, 2)",electronic,grid,2.0,2.0,2.0,2.116708843612,2.116708843612,2.116708843612,3.6662472619663484,0.0,False,0.060240963855421686,0.0027771103870015933,0.0,0.0,0.0,0.03058425414723764,1.0,positive,0.0,0.0,0.0,0.0
99,"electronic:grid:(2, 2, 3)",electronic,grid,2.0,2.0,3.0,2.116708843612,2.116708843612,3.1750632654179998,4.363707070445645,0.0,False,0.0,0.0,0.0,0.0,0.0,0.0,0.0,not_selected,0.0,0.0,0.0,0.0
100,"electronic:grid:(2, 3, -2)",electronic,grid,2.0,3.0,-2.0,2.116708843612,3.1750632654179998,-2.116708843612,4.363707070445645,0.0,False,0.0,0.0,0.0,0.0,0.0,0.0,0.0,not_selected,0.0,0.0,0.0,0.0
101,"electronic:grid:(2, 3, -1)",electronic,grid,2.0,3.0,-1.0,2.116708843612,3.1750632654179998,-1.058354421806,3.9599996401752833,-0.0,False,0.0,0.0,0.0,0.0,0.0,0.0,0.0,not_selected,0.0,0.0,0.0,0.0
102,"electronic:grid:(2, 3, 1)",electronic,grid,2.0,3.0,1.0,2.116708843612,3.1750632654179998,1.058354421806,3.9599996401752833,-0.0,False,0.0,0.0,0.0,0.0,-0.0,0.0,0.0,not_selected,0.0,0.0,0.0,0.0
103,"electronic:grid:(2, 3, 2)",electronic,grid,2.0,3.0,2.0,2.116708843612,3.1750632654179998,2.116708843612,4.363707070445645,0.0,False,0.0,0.0,0.0,0.0,0.0,0.0,0.0,not_selected,0.0,0.0,0.0,0.0
104,"electronic:grid:(2, 3, 3)",electronic,grid,2.0,3.0,3.0,2.116708843612,3.1750632654179998,3.1750632654179998,4.9641222595176755,0.013946782314887591,True,0.8554216867469879,0.021468636846624523,0.018964370750407814,0.0031668716026235027,0.0354153678401571,0.02100600157204359,1.0,positive,0.015048356721011222,0.011391156271376645,0.06919410347485556,0.011930380052494204
105,"electrostatic:grid:(-5, 1, -2)",electrostatic,grid,-5.0,1.0,-2.0,-5.291772109029999,1.058354421806,-2.116708843612,5.796845906584836,0.0,False,0.0,0.0,0.0,0.0,0.0,0.0,0.0,not_selected,0.0,0.0,0.0,0.0
106,"electrostatic:grid:(-5, 1, -1)",electrostatic,grid,-5.0,1.0,-1.0,-5.291772109029999,1.058354421806,-1.058354421806,5.499370892949523,0.0,False,0.0,0.0,0.0,0.0,0.0,0.0,0.0,not_selected,0.0,0.0,0.0,0.0
107,"electrostatic:grid:(-5, 1, 1)",electrostatic,grid,-5.0,1.0,1.0,-5.291772109029999,1.058354421806,1.058354421806,5.499370892949523,-0.0422535981174364,True,1.0,-0.04048132060799237,-0.04227563337109912,-0.04623642931094916,-0.03265119711610206,-0.04227563337109912,1.0,negative,0.13339423875527587,0.09545412228067407,0.4860080049195038,0.0422535981174364
108,"electrostatic:grid:(-5, 1, 2)",electrostatic,grid,-5.0,1.0,2.0,-5.291772109029999,1.058354421806,2.116708843612,5.796845906584836,0.0,False,0.0,0.0,0.0,0.0,0.0,0.0,0.0,not_selected,0.0,0.0,0.0,0.0
109,"electrostatic:grid:(-5, 1, 3)",electrostatic,grid,-5.0,1.0,3.0,-5.291772109029999,1.058354421806,3.1750632654179998,6.26130919820056,-0.0,False,0.07228915662650602,-0.0008821617483042467,0.0,0.0,-0.0,-0.008240620086374186,1.0,negative,0.0,0.0,0.0,0.0
110,"electrostatic:grid:(-5, 2, -2)",electrostatic,grid,-5.0,2.0,-2.0,-5.291772109029999,2.116708843612,-2.116708843612,6.0797832783051,0.0,False,0.25301204819277107,0.001482630188749628,0.0,0.0,0.002434656062684125,0.004508584009824724,1.0,positive,0.0,0.0,0.0,0.0
111,"electrostatic:grid:(-5, 2, -1)",electrostatic,grid,-5.0,2.0,-1.0,-5.291772109029999,2.116708843612,-1.058354421806,5.796845906584836,0.0,False,0.0,0.0,0.0,0.0,0.0,0.0,0.0,not_selected,0.0,0.0,0.0,0.0
112,"electrostatic:grid:(-5, 2, 1)",electrostatic,grid,-5.0,2.0,1.0,-5.291772109029999,2.116708843612,1.058354421806,5.796845906584836,0.0,False,0.012048192771084338,-2.868864003283446e-05,0.0,0.0,0.0,-0.00238115712272526,1.0,negative,0.0,0.0,0.0,0.0
113,"electrostatic:grid:(-5, 2, 2)",electrostatic,grid,-5.0,2.0,2.0,-5.291772109029999,2.116708843612,2.116708843612,6.0797832783051,0.0,False,0.0,0.0,0.0,0.0,0.0,0.0,0.0,not_selected,0.0,0.0,0.0,0.0
114,"electrostatic:grid:(-5, 2, 3)",electrostatic,grid,-5.0,2.0,3.0,-5.291772109029999,2.116708843612,3.1750632654179998,6.52413481788504,-0.0063411043204680394,True,0.7951807228915663,-0.00804223892307445,-0.0063470414558294596,-0.013619794270401355,-0.0,-0.007339684533921444,1.0,negative,0.00889428854747272,0.004309927233878933,0.05162747520730179,0.005042323917480609
115,"electrostatic:grid:(-5, 3, -2)",electrostatic,grid,-5.0,3.0,-2.0,-5.291772109029999,3.1750632654179998,-2.116708843612,6.52413481788504,0.0,False,0.0,0.0,0.0,0.0,0.0,0.0,0.0,not_selected,0.0,0.0,0.0,0.0
116,"electrostatic:grid:(-5, 3, -1)",electrostatic,grid,-5.0,3.0,-1.0,-5.291772109029999,3.1750632654179998,-1.058354421806,6.26130919820056,0.01874974498262878,True,0.9518072289156626,0.017418050215056945,0.01855083023692557,0.016770481912306807,0.01979110459074694,0.018714317830083167,1.0,positive,0.06344029909595628,0.05059014858609483,0.3244942892483987,0.017846142814791247
117,"electrostatic:grid:(-5, 3, 1)",electrostatic,grid,-5.0,3.0,1.0,-5.291772109029999,3.1750632654179998,1.058354421806,6.26130919820056,0.0,False,0.0963855421686747,0.0010277025657751532,0.0,0.0,0.0,0.01215167824150265,1.0,positive,0.0,0.0,0.0,0.0
118,"electrostatic:grid:(-5, 3, 2)",electrostatic,grid,-5.0,3.0,2.0,-5.291772109029999,3.1750632654179998,2.116708843612,6.52413481788504,-0.0,False,0.0,0.0,0.0,0.0,0.0,0.0,0.0,not_selected,0.0,0.0,0.0,0.0
119,"electrostatic:grid:(-5, 3, 3)",electrostatic,grid,-5.0,3.0,3.0,-5.291772109029999,3.1750632654179998,3.1750632654179998,6.940094057916033,-0.0,False,0.0,0.0,0.0,0.0,0.0,0.0,0.0,not_selected,0.0,0.0,0.0,0.0
120,"electrostatic:grid:(-4, 1, -2)",electrostatic,grid,-4.0,1.0,-2.0,-4.233417687224,1.058354421806,-2.116708843612,4.849989250017216,-0.0,False,0.012048192771084338,0.0001648759002992912,0.0,0.0,0.0,0.013684699724841171,1.0,positive,0.0,0.0,0.0,0.0
121,"electrostatic:grid:(-4, 1, -1)",electrostatic,grid,-4.0,1.0,-1.0,-4.233417687224,1.058354421806,-1.058354421806,4.490217531346741,0.0,False,0.012048192771084338,2.8641938548648507e-05,0.0,0.0,0.0,0.002377280899537826,1.0,positive,0.0,0.0,0.0,0.0
122,"electrostatic:grid:(-4, 1, 1)",electrostatic,grid,-4.0,1.0,1.0,-4.233417687224,1.058354421806,1.058354421806,4.490217531346741,0.0,False,0.0,0.0,0.0,0.0,0.0,0.0,0.0,not_selected,0.0,0.0,0.0,0.0
123,"electrostatic:grid:(-4, 1, 2)",electrostatic,grid,-4.0,1.0,2.0,-4.233417687224,1.058354421806,2.116708843612,4.849989250017216,-0.0,False,0.0,0.0,0.0,0.0,-0.0,0.0,0.0,not_selected,0.0,0.0,0.0,0.0
124,"electrostatic:grid:(-4, 1, 3)",electrostatic,grid,-4.0,1.0,3.0,-4.233417687224,1.058354421806,3.1750632654179998,5.396569849086003,-0.0,False,0.04819277108433735,-0.00020451490942622035,0.0,0.0,-0.0,-0.0016282266911462583,1.0,negative,0.0,0.0,0.0,0.0
125,"electrostatic:grid:(-4, 2, -2)",electrostatic,grid,-4.0,2.0,-2.0,-4.233417687224,2.116708843612,-2.116708843612,5.184856600886035,-0.0,False,0.0,0.0,0.0,0.0,0.0,0.0,0.0,not_selected,0.0,0.0,0.0,0.0
126,"electrostatic:grid:(-4, 2, -1)",electrostatic,grid,-4.0,2.0,-1.0,-4.233417687224,2.116708843612,-1.058354421806,4.849989250017216,0.0,False,0.14457831325301204,0.0002460702453904355,0.0,0.0,0.0,0.0012810463976971156,1.0,positive,0.0,0.0,0.0,0.0
127,"electrostatic:grid:(-4, 2, 1)",electrostatic,grid,-4.0,2.0,1.0,-4.233417687224,2.116708843612,1.058354421806,4.849989250017216,0.0,False,0.03614457831325301,0.0002520399301100141,0.0,0.0,0.0,0.005004946391219398,1.0,positive,0.0,0.0,0.0,0.0
128,"electrostatic:grid:(-4, 2, 2)",electrostatic,grid,-4.0,2.0,2.0,-4.233417687224,2.116708843612,2.116708843612,5.184856600886035,-0.0,False,0.012048192771084338,-0.00028603736323576536,0.0,0.0,-0.0,-0.023741101148568523,1.0,negative,0.0,0.0,0.0,0.0
129,"electrostatic:grid:(-4, 2, 3)",electrostatic,grid,-4.0,2.0,3.0,-4.233417687224,2.116708843612,3.1750632654179998,5.699412985784857,-0.0,False,0.024096385542168676,-0.00038816778145992045,0.0,0.0,-0.0,-0.0161089629305867,1.0,negative,0.0,0.0,0.0,0.0
130,"electrostatic:grid:(-4, 3, -2)",electrostatic,grid,-4.0,3.0,-2.0,-4.233417687224,3.1750632654179998,-2.116708843612,5.699412985784857,0.0,False,0.024096385542168676,0.00024129597386490556,0.0,0.0,0.0,0.010013782915393581,1.0,positive,0.0,0.0,0.0,0.0
131,"electrostatic:grid:(-4, 3, -1)",electrostatic,grid,-4.0,3.0,-1.0,-4.233417687224,3.1750632654179998,-1.058354421806,5.396569849086003,0.0,False,0.0,0.0,0.0,0.0,0.0,0.0,0.0,not_selected,0.0,0.0,0.0,0.0
132,"electrostatic:grid:(-4, 3, 1)",electrostatic,grid,-4.0,3.0,1.0,-4.233417687224,3.1750632654179998,1.058354421806,5.396569849086003,-0.0,False,0.0,0.0,0.0,0.0,-0.0,0.0,0.0,not_selected,0.0,0.0,0.0,0.0
133,"electrostatic:grid:(-4, 3, 2)",electrostatic,grid,-4.0,3.0,2.0,-4.233417687224,3.1750632654179998,2.116708843612,5.699412985784857,-0.0,False,0.0,0.0,0.0,0.0,0.0,0.0,0.0,not_selected,0.0,0.0,0.0,0.0
134,"electrostatic:grid:(-4, 3, 3)",electrostatic,grid,-4.0,3.0,3.0,-4.233417687224,3.1750632654179998,3.1750632654179998,6.171213721247598,0.0,False,0.0,0.0,0.0,0.0,0.0,0.0,0.0,not_selected,0.0,0.0,0.0,0.0
135,"electrostatic:grid:(-3, 1, -2)",electrostatic,grid,-3.0,1.0,-2.0,-3.1750632654179998,1.058354421806,-2.116708843612,3.9599996401752833,-0.0,False,0.024096385542168676,2.3796074081145664e-05,0.0,0.0,0.0,0.000987537074367545,1.0,positive,0.0,0.0,0.0,0.0
136,"electrostatic:grid:(-3, 1, -1)",electrostatic,grid,-3.0,1.0,-1.0,-3.1750632654179998,1.058354421806,-1.058354421806,3.510164512344035,-0.0,False,0.0,0.0,0.0,0.0,-0.0,0.0,0.0,not_selected,0.0,0.0,0.0,0.0
137,"electrostatic:grid:(-3, 1, 1)",electrostatic,grid,-3.0,1.0,1.0,-3.1750632654179998,1.058354421806,1.058354421806,3.510164512344035,-0.01949316111471756,True,0.9397590361445783,-0.016550199921131017,-0.01881925157639301,-0.022258145136937416,-0.010163021152109384,-0.019094545032078553,1.0,negative,0.07023397127473865,0.05967082761207792,0.17312073111596948,0.01831887430057795
138,"electrostatic:grid:(-3, 1, 2)",electrostatic,grid,-3.0,1.0,2.0,-3.1750632654179998,1.058354421806,2.116708843612,3.9599996401752833,-0.0,False,0.08433734939759036,-0.00031686859380069193,0.0,0.0,0.0,-0.0019323946703239767,1.0,negative,0.0,0.0,0.0,0.0
139,"electrostatic:grid:(-3, 1, 3)",electrostatic,grid,-3.0,1.0,3.0,-3.1750632654179998,1.058354421806,3.1750632654179998,4.613259971101774,0.17898466757238046,True,1.0,0.17828383559993458,0.1796020664115463,0.17285968388650444,0.18385239274847576,0.1796020664115463,1.0,positive,0.6514057339353377,0.5219615198578805,1.9410648976205531,0.17898466757238046
140,"electrostatic:grid:(-3, 2, -2)",electrostatic,grid,-3.0,2.0,-2.0,-3.1750632654179998,2.116708843612,-2.116708843612,4.363707070445645,0.0,False,0.0,0.0,0.0,0.0,0.0,0.0,0.0,not_selected,0.0,0.0,0.0,0.0
141,"electrostatic:grid:(-3, 2, -1)",electrostatic,grid,-3.0,2.0,-1.0,-3.1750632654179998,2.116708843612,-1.058354421806,3.9599996401752833,-0.05188244452701477,True,0.963855421686747,-0.04659286711368301,-0.048643588211729566,-0.054887152360209315,-0.0391481350990412,-0.04901007391390352,1.0,negative,0.09467182589293781,0.0779634975554932,0.23776418924056864,0.05000717544772508
142,"electrostatic:grid:(-3, 2, 1)",electrostatic,grid,-3.0,2.0,1.0,-3.1750632654179998,2.116708843612,1.058354421806,3.9599996401752833,-0.014152359016909602,True,0.9036144578313253,-0.018008113015952523,-0.015045250702739491,-0.027831309967324462,-0.007772298366198314,-0.015376425719090382,1.0,negative,0.025131981451563645,0.020940092819330552,0.06375432426657758,0.012788276220099037
143,"electrostatic:grid:(-3, 2, 2)",electrostatic,grid,-3.0,2.0,2.0,-3.1750632654179998,2.116708843612,2.116708843612,4.363707070445645,-0.10136649187499541,True,1.0,-0.09900446870004566,-0.10082408757722004,-0.10620072258626621,-0.08916209320596563,-0.10082408757722004,1.0,negative,0.2740608542829236,0.22373107337591724,0.6556463096975983,0.10136649187499541
144,"electrostatic:grid:(-3, 2, 3)",electrostatic,grid,-3.0,2.0,3.0,-3.1750632654179998,2.116708843612,3.1750632654179998,4.9641222595176755,-0.0,False,0.0,0.0,0.0,0.0,0.0,0.0,0.0,not_selected,0.0,0.0,0.0,0.0
145,"electrostatic:grid:(-3, 3, -2)",electrostatic,grid,-3.0,3.0,-2.0,-3.1750632654179998,3.1750632654179998,-2.116708843612,4.9641222595176755,-0.0,False,0.024096385542168676,-0.0002100591585965319,0.0,0.0,-0.0,-0.008717455081756073,1.0,negative,0.0,0.0,0.0,0.0
146,"electrostatic:grid:(-3, 3, -1)",electrostatic,grid,-3.0,3.0,-1.0,-3.1750632654179998,3.1750632654179998,-1.058354421806,4.613259971101774,-0.0,False,0.6265060240963856,-0.005629771170266561,-0.0012677327941016364,-0.009721303485120467,-0.0,-0.0037207701503970936,1.0,negative,0.0,0.0,0.0,0.0
147,"electrostatic:grid:(-3, 3, 1)",electrostatic,grid,-3.0,3.0,1.0,-3.1750632654179998,3.1750632654179998,1.058354421806,4.613259971101774,-0.04273202339479055,True,0.9879518072289156,-0.037451234934863506,-0.04112445591530021,-0.04395483173438717,-0.029549771901841927,-0.04123218314986793,1.0,negative,0.14811501747451636,0.11349037777317048,0.4526748837314329,0.04221717973943163
148,"electrostatic:grid:(-3, 3, 2)",electrostatic,grid,-3.0,3.0,2.0,-3.1750632654179998,3.1750632654179998,2.116708843612,4.9641222595176755,-0.0,False,0.0963855421686747,-0.0011780726629818192,0.0,0.0,-0.0,-0.011246850255990534,1.0,negative,0.0,0.0,0.0,0.0
149,"electrostatic:grid:(-3, 3, 3)",electrostatic,grid,-3.0,3.0,3.0,-3.1750632654179998,3.1750632654179998,3.1750632654179998,5.499370892949523,0.0,False,0.024096385542168676,0.0007821246489564731,0.0,0.0,0.0,0.03245817293169363,1.0,positive,0.0,0.0,0.0,0.0
150,"electrostatic:grid:(-2, 1, -2)",electrostatic,grid,-2.0,1.0,-2.0,-2.116708843612,1.058354421806,-2.116708843612,3.1750632654179998,-0.00550318570975368,True,0.7590361445783133,-0.005863440285680507,-0.004799655391583263,-0.009730030244984995,-0.0,-0.005373003567999531,1.0,negative,0.015262393557376264,0.013190298798956083,0.0403626869678054,0.004177116864029902
151,"electrostatic:grid:(-2, 1, -1)",electrostatic,grid,-2.0,1.0,-1.0,-2.116708843612,1.058354421806,-1.058354421806,2.5924283004430175,-0.0,False,0.27710843373493976,-0.004301572063373621,0.0,-0.007061547718689469,-0.0,-0.011909819246465373,1.0,negative,0.0,0.0,0.0,0.0
152,"electrostatic:grid:(-2, 1, 1)",electrostatic,grid,-2.0,1.0,1.0,-2.116708843612,1.058354421806,1.058354421806,2.5924283004430175,-0.0,False,0.10843373493975904,-0.0013880616538805017,0.0,0.0,-0.0,-0.01053991533552013,1.0,negative,0.0,0.0,0.0,0.0
153,"electrostatic:grid:(-2, 1, 2)",electrostatic,grid,-2.0,1.0,2.0,-2.116708843612,1.058354421806,2.116708843612,3.1750632654179998,-0.0,False,0.012048192771084338,-1.6598561254746667e-05,0.0,0.0,-0.0,-0.0013776805841439733,1.0,negative,0.0,0.0,0.0,0.0
154,"electrostatic:grid:(-2, 1, 3)",electrostatic,grid,-2.0,1.0,3.0,-2.116708843612,1.058354421806,3.1750632654179998,3.9599996401752833,-0.0,False,0.03614457831325301,-0.00020090193315815052,0.0,0.0,-0.0,0.004411097205446921,0.3333333333333333,positive,0.0,0.0,0.0,0.0
155,"electrostatic:grid:(-2, 2, -2)",electrostatic,grid,-2.0,2.0,-2.0,-2.116708843612,2.116708843612,-2.116708843612,3.6662472619663484,-0.0026983580516950316,True,0.7108433734939759,-0.012364340355500882,-0.005154235514068829,-0.02984896346510967,-0.0,-0.00958297917842871,1.0,negative,0.014337652566940985,0.010146703914367616,0.07830018226802732,0.0019181099403615283
156,"electrostatic:grid:(-2, 2, -1)",electrostatic,grid,-2.0,2.0,-1.0,-2.116708843612,2.116708843612,-1.058354421806,3.1750632654179998,0.0,False,0.0,0.0,0.0,0.0,0.0,0.0,0.0,not_selected,0.0,0.0,0.0,0.0
157,"electrostatic:grid:(-2, 2, 1)",electrostatic,grid,-2.0,2.0,1.0,-2.116708843612,2.116708843612,1.058354421806,3.1750632654179998,0.0,False,0.0,0.0,0.0,0.0,0.0,0.0,0.0,not_selected,0.0,0.0,0.0,0.0
158,"electrostatic:grid:(-2, 2, 2)",electrostatic,grid,-2.0,2.0,2.0,-2.116708843612,2.116708843612,2.116708843612,3.6662472619663484,-0.044998304731308524,True,0.891566265060241,-0.033804235292185555,-0.04092988451282444,-0.046571926319997764,-0.01666283966407997,-0.04302938222096062,1.0,negative,0.23657805447367605,0.16791241246250121,1.3149533258379105,0.040118970483335306
159,"electrostatic:grid:(-2, 2, 3)",electrostatic,grid,-2.0,2.0,3.0,-2.116708843612,2.116708843612,3.1750632654179998,4.363707070445645,-0.0,False,0.3373493975903614,-0.00208742463482852,0.0,-0.0046727110179114505,-0.0,-0.004530322852415338,1.0,negative,0.0,0.0,0.0,0.0
160,"electrostatic:grid:(-2, 3, -2)",electrostatic,grid,-2.0,3.0,-2.0,-2.116708843612,3.1750632654179998,-2.116708843612,4.363707070445645,0.025041841157285194,True,0.9397590361445783,0.023930134487423916,0.024202851482140825,0.013819971148162314,0.033120303314370554,0.024793675894213104,1.0,positive,0.06506787788697452,0.0530614522117617,0.2011638942109162,0.023533296509255966
161,"electrostatic:grid:(-2, 3, -1)",electrostatic,grid,-2.0,3.0,-1.0,-2.116708843612,3.1750632654179998,-1.058354421806,3.9599996401752833,0.0,False,0.024096385542168676,0.00024386336997352917,0.0,0.0,0.0,0.01012032985390146,1.0,positive,0.0,0.0,0.0,0.0
162,"electrostatic:grid:(-2, 3, 1)",electrostatic,grid,-2.0,3.0,1.0,-2.116708843612,3.1750632654179998,1.058354421806,3.9599996401752833,0.0,False,0.0,0.0,0.0,0.0,0.0,0.0,0.0,not_selected,0.0,0.0,0.0,0.0
163,"electrostatic:grid:(-2, 3, 2)",electrostatic,grid,-2.0,3.0,2.0,-2.116708843612,3.1750632654179998,2.116708843612,4.363707070445645,0.04937281658351779,True,0.9759036144578314,0.052374212167205884,0.05084356854063854,0.0444915526721183,0.06091684221711759,0.050875070523884194,1.0,positive,0.1313653877996824,0.1083984196231907,0.4019328307782261,0.04818311015981857
164,"electrostatic:grid:(-2, 3, 3)",electrostatic,grid,-2.0,3.0,3.0,-2.116708843612,3.1750632654179998,3.1750632654179998,4.9641222595176755,0.0,False,0.03614457831325301,0.0003836910330789884,0.0,0.0,0.0,0.009495312226841556,1.0,positive,0.0,0.0,0.0,0.0
165,"electrostatic:grid:(-1, 1, -2)",electrostatic,grid,-1.0,1.0,-2.0,-1.058354421806,1.058354421806,-2.116708843612,2.5924283004430175,0.0,False,0.0,0.0,0.0,0.0,0.0,0.0,0.0,not_selected,0.0,0.0,0.0,0.0
166,"electrostatic:grid:(-1, 1, -1)",electrostatic,grid,-1.0,1.0,-1.0,-1.058354421806,1.058354421806,-1.058354421806,1.8331236309831742,-0.0,False,0.0,0.0,0.0,0.0,-0.0,0.0,0.0,not_selected,0.0,0.0,0.0,0.0
167,"electrostatic:grid:(-1, 1, 1)",electrostatic,grid,-1.0,1.0,1.0,-1.058354421806,1.058354421806,1.058354421806,1.8331236309831742,-0.11488778299518827,True,1.0,-0.10356023238003911,-0.11050067369386889,-0.12557895718738926,-0.07968843732194278,-0.11050067369386889,1.0,negative,0.09769007663253941,0.06830470824617024,0.3843450834712349,0.11488778299518827
168,"electrostatic:grid:(-1, 1, 2)",electrostatic,grid,-1.0,1.0,2.0,-1.058354421806,1.058354421806,2.116708843612,2.5924283004430175,-0.0,False,0.0,0.0,0.0,0.0,-0.0,0.0,0.0,not_selected,0.0,0.0,0.0,0.0
169,"electrostatic:grid:(-1, 1, 3)",electrostatic,grid,-1.0,1.0,3.0,-1.058354421806,1.058354421806,3.1750632654179998,3.510164512344035,0.17335446296346627,True,1.0,0.16961330412370762,0.17207310295658482,0.16386519363429936,0.17534552567770603,0.17207310295658482,1.0,positive,0.4439333878759633,0.33069923094531856,1.7927292879871985,0.17335446296346627
170,"electrostatic:grid:(-1, 2, -2)",electrostatic,grid,-1.0,2.0,-2.0,-1.058354421806,2.116708843612,-2.116708843612,3.1750632654179998,-0.0,False,0.012048192771084338,-0.0003322028858731911,0.0,0.0,0.0,-0.02757283952747486,1.0,negative,0.0,0.0,0.0,0.0
171,"electrostatic:grid:(-1, 2, -1)",electrostatic,grid,-1.0,2.0,-1.0,-1.058354421806,2.116708843612,-1.058354421806,2.5924283004430175,-0.0,False,0.0,0.0,0.0,0.0,-0.0,0.0,0.0,not_selected,0.0,0.0,0.0,0.0
172,"electrostatic:grid:(-1, 2, 1)",electrostatic,grid,-1.0,2.0,1.0,-1.058354421806,2.116708843612,1.058354421806,2.5924283004430175,-0.0,False,0.0,0.0,0.0,0.0,-0.0,0.0,0.0,not_selected,0.0,0.0,0.0,0.0
173,"electrostatic:grid:(-1, 2, 2)",electrostatic,grid,-1.0,2.0,2.0,-1.058354421806,2.116708843612,2.116708843612,3.1750632654179998,-0.019898307587082525,True,0.9759036144578314,-0.021929654394849094,-0.020965663204978613,-0.03203225890183785,-0.015156056419142899,-0.021194646739292854,1.0,negative,0.06573688741601992,0.05452025560581825,0.15478501808630243,0.019418830295827527
174,"electrostatic:grid:(-1, 2, 3)",electrostatic,grid,-1.0,2.0,3.0,-1.058354421806,2.116708843612,3.1750632654179998,3.9599996401752833,-0.0,False,0.13253012048192772,-0.0007302079889939478,0.0,0.0,-0.0,-0.004130326814393617,1.0,negative,0.0,0.0,0.0,0.0
175,"electrostatic:grid:(-1, 3, -2)",electrostatic,grid,-1.0,3.0,-2.0,-1.058354421806,3.1750632654179998,-2.116708843612,3.9599996401752833,0.0,False,0.12048192771084337,0.00044224659912455106,0.0,0.0,0.0,0.0023643502107173284,1.0,positive,0.0,0.0,0.0,0.0
176,"electrostatic:grid:(-1, 3, -1)",electrostatic,grid,-1.0,3.0,-1.0,-1.058354421806,3.1750632654179998,-1.058354421806,3.510164512344035,-0.019378804309336858,True,0.8433734939759037,-0.01899336877696269,-0.01929841712445357,-0.0295663768171546,-0.0013920412295906717,-0.01978043018533354,1.0,negative,0.028514099349218502,0.022868684293000218,0.07015940142041566,0.016343569899440726
177,"electrostatic:grid:(-1, 3, 1)",electrostatic,grid,-1.0,3.0,1.0,-1.058354421806,3.1750632654179998,1.058354421806,3.510164512344035,-0.0,False,0.0,0.0,0.0,0.0,0.0,0.0,0.0,not_selected,0.0,0.0,0.0,0.0
178,"electrostatic:grid:(-1, 3, 2)",electrostatic,grid,-1.0,3.0,2.0,-1.058354421806,3.1750632654179998,2.116708843612,3.9599996401752833,0.0,False,0.0,0.0,0.0,0.0,0.0,0.0,0.0,not_selected,0.0,0.0,0.0,0.0
179,"electrostatic:grid:(-1, 3, 3)",electrostatic,grid,-1.0,3.0,3.0,-1.058354421806,3.1750632654179998,3.1750632654179998,4.613259971101774,-0.011085269714479816,True,0.9879518072289156,-0.010346852957353304,-0.011109991767406024,-0.012278529511732196,-0.008135936463906415,-0.011130413409777343,1.0,negative,0.034908463846351934,0.01883835729354327,0.26914998273494856,0.010951712248040299
180,"electrostatic:grid:(1, 1, -2)",electrostatic,grid,1.0,1.0,-2.0,1.058354421806,1.058354421806,-2.116708843612,2.5924283004430175,-0.0,False,0.0,0.0,0.0,0.0,-0.0,0.0,0.0,not_selected,0.0,0.0,0.0,0.0
181,"electrostatic:grid:(1, 1, -1)",electrostatic,grid,1.0,1.0,-1.0,1.058354421806,1.058354421806,-1.058354421806,1.8331236309831742,-0.0,False,0.0,0.0,0.0,0.0,-0.0,0.0,0.0,not_selected,0.0,0.0,0.0,0.0
182,"electrostatic:grid:(1, 1, 1)",electrostatic,grid,1.0,1.0,1.0,1.058354421806,1.058354421806,1.058354421806,1.8331236309831742,-0.0,False,0.0,0.0,0.0,0.0,-0.0,0.0,0.0,not_selected,0.0,0.0,0.0,0.0
183,"electrostatic:grid:(1, 1, 2)",electrostatic,grid,1.0,1.0,2.0,1.058354421806,1.058354421806,2.116708843612,2.5924283004430175,-0.0,False,0.0,0.0,0.0,0.0,-0.0,0.0,0.0,not_selected,0.0,0.0,0.0,0.0
184,"electrostatic:grid:(1, 1, 3)",electrostatic,grid,1.0,1.0,3.0,1.058354421806,1.058354421806,3.1750632654179998,3.510164512344035,0.0,False,0.0,0.0,0.0,0.0,0.0,0.0,0.0,not_selected,0.0,0.0,0.0,0.0
185,"electrostatic:grid:(1, 2, -2)",electrostatic,grid,1.0,2.0,-2.0,1.058354421806,2.116708843612,-2.116708843612,3.1750632654179998,-0.0,False,0.0,0.0,0.0,0.0,-0.0,0.0,0.0,not_selected,0.0,0.0,0.0,0.0
186,"electrostatic:grid:(1, 2, -1)",electrostatic,grid,1.0,2.0,-1.0,1.058354421806,2.116708843612,-1.058354421806,2.5924283004430175,-0.0,False,0.0,0.0,0.0,0.0,0.0,0.0,0.0,not_selected,0.0,0.0,0.0,0.0
187,"electrostatic:grid:(1, 2, 1)",electrostatic,grid,1.0,2.0,1.0,1.058354421806,2.116708843612,1.058354421806,2.5924283004430175,-0.0,False,0.0,0.0,0.0,0.0,-0.0,0.0,0.0,not_selected,0.0,0.0,0.0,0.0
188,"electrostatic:grid:(1, 2, 2)",electrostatic,grid,1.0,2.0,2.0,1.058354421806,2.116708843612,2.116708843612,3.1750632654179998,-0.0,False,0.0,0.0,0.0,0.0,0.0,0.0,0.0,not_selected,0.0,0.0,0.0,0.0
189,"electrostatic:grid:(1, 2, 3)",electrostatic,grid,1.0,2.0,3.0,1.058354421806,2.116708843612,3.1750632654179998,3.9599996401752833,-0.0,False,0.0,0.0,0.0,0.0,-0.0,0.0,0.0,not_selected,0.0,0.0,0.0,0.0
190,"electrostatic:grid:(1, 3, -2)",electrostatic,grid,1.0,3.0,-2.0,1.058354421806,3.1750632654179998,-2.116708843612,3.9599996401752833,-0.08136853925838812,True,1.0,-0.0784141775274785,-0.08109909125816253,-0.08878439989259944,-0.06851352121521032,-0.08109909125816253,1.0,negative,0.2080626683438015,0.16225968179389305,0.8074853997205285,0.08136853925838812
191,"electrostatic:grid:(1, 3, -1)",electrostatic,grid,1.0,3.0,-1.0,1.058354421806,3.1750632654179998,-1.058354421806,3.510164512344035,0.023153301385399755,True,0.9759036144578314,0.02822117701984464,0.024564197165151715,0.015162893129981031,0.04013000364827791,0.024688029638498775,1.0,positive,0.045756519559550034,0.03231811137429097,0.13287603949889518,0.022595390508643134
192,"electrostatic:grid:(1, 3, 1)",electrostatic,grid,1.0,3.0,1.0,1.058354421806,3.1750632654179998,1.058354421806,3.510164512344035,0.09907994660628787,True,1.0,0.09306927649370098,0.0959755217136919,0.08503681031925675,0.10282120312823408,0.0959755217136919,1.0,positive,0.18919716075208357,0.1318152259872316,0.5649480748250286,0.09907994660628787
193,"electrostatic:grid:(1, 3, 2)",electrostatic,grid,1.0,3.0,2.0,1.058354421806,3.1750632654179998,2.116708843612,3.9599996401752833,-0.0,False,0.012048192771084338,-0.0008898710558337878,0.0,0.0,-0.0,-0.07385929763420439,1.0,negative,0.0,0.0,0.0,0.0
194,"electrostatic:grid:(1, 3, 3)",electrostatic,grid,1.0,3.0,3.0,1.058354421806,3.1750632654179998,3.1750632654179998,4.613259971101774,0.0,False,0.0,0.0,0.0,0.0,0.0,0.0,0.0,not_selected,0.0,0.0,0.0,0.0
195,"electrostatic:grid:(2, 1, -2)",electrostatic,grid,2.0,1.0,-2.0,2.116708843612,1.058354421806,-2.116708843612,3.1750632654179998,-0.0,False,0.0,0.0,0.0,0.0,-0.0,0.0,0.0,not_selected,0.0,0.0,0.0,0.0
196,"electrostatic:grid:(2, 1, -1)",electrostatic,grid,2.0,1.0,-1.0,2.116708843612,1.058354421806,-1.058354421806,2.5924283004430175,-0.0,False,0.0,0.0,0.0,0.0,-0.0,0.0,0.0,not_selected,0.0,0.0,0.0,0.0
197,"electrostatic:grid:(2, 1, 1)",electrostatic,grid,2.0,1.0,1.0,2.116708843612,1.058354421806,1.058354421806,2.5924283004430175,-0.0,False,0.0,0.0,0.0,0.0,-0.0,0.0,0.0,not_selected,0.0,0.0,0.0,0.0
198,"electrostatic:grid:(2, 1, 2)",electrostatic,grid,2.0,1.0,2.0,2.116708843612,1.058354421806,2.116708843612,3.1750632654179998,-0.0,False,0.0,0.0,0.0,0.0,-0.0,0.0,0.0,not_selected,0.0,0.0,0.0,0.0
199,"electrostatic:grid:(2, 1, 3)",electrostatic,grid,2.0,1.0,3.0,2.116708843612,1.058354421806,3.1750632654179998,3.9599996401752833,-0.0,False,0.0,0.0,0.0,0.0,-0.0,0.0,0.0,not_selected,0.0,0.0,0.0,0.0
200,"electrostatic:grid:(2, 2, -2)",electrostatic,grid,2.0,2.0,-2.0,2.116708843612,2.116708843612,-2.116708843612,3.6662472619663484,0.06584460412372019,True,0.963855421686747,0.06375446242567427,0.06476568032821606,0.04172618410814489,0.08107360249428683,0.06609161912039008,1.0,positive,0.05696470095148112,0.040712757994575806,0.22295759268131932,0.06346467867346524
201,"electrostatic:grid:(2, 2, -1)",electrostatic,grid,2.0,2.0,-1.0,2.116708843612,2.116708843612,-1.058354421806,3.1750632654179998,-0.0,False,0.0,0.0,0.0,0.0,-0.0,0.0,0.0,not_selected,0.0,0.0,0.0,0.0
202,"electrostatic:grid:(2, 2, 1)",electrostatic,grid,2.0,2.0,1.0,2.116708843612,2.116708843612,1.058354421806,3.1750632654179998,-0.0,False,0.0,0.0,0.0,0.0,-0.0,0.0,0.0,not_selected,0.0,0.0,0.0,0.0
203,"electrostatic:grid:(2, 2, 2)",electrostatic,grid,2.0,2.0,2.0,2.116708843612,2.116708843612,2.116708843612,3.6662472619663484,0.0,False,0.0,0.0,0.0,0.0,0.0,0.0,0.0,not_selected,0.0,0.0,0.0,0.0
204,"electrostatic:grid:(2, 2, 3)",electrostatic,grid,2.0,2.0,3.0,2.116708843612,2.116708843612,3.1750632654179998,4.363707070445645,0.0,False,0.0,0.0,0.0,0.0,0.0,0.0,0.0,not_selected,0.0,0.0,0.0,0.0
205,"electrostatic:grid:(2, 3, -2)",electrostatic,grid,2.0,3.0,-2.0,2.116708843612,3.1750632654179998,-2.116708843612,4.363707070445645,-0.0,False,0.0,0.0,0.0,0.0,-0.0,0.0,0.0,not_selected,0.0,0.0,0.0,0.0
206,"electrostatic:grid:(2, 3, -1)",electrostatic,grid,2.0,3.0,-1.0,2.116708843612,3.1750632654179998,-1.058354421806,3.9599996401752833,0.03070688861624964,True,0.9156626506024096,0.02953900132540031,0.031639476647220006,0.01747987934521738,0.04290696277519939,0.03260729445599981,1.0,positive,0.08300930458744839,0.07454503104286962,0.16018546208212386,0.028117151022108103
207,"electrostatic:grid:(2, 3, 1)",electrostatic,grid,2.0,3.0,1.0,2.116708843612,3.1750632654179998,1.058354421806,3.9599996401752833,-0.0,False,0.0,0.0,0.0,0.0,-0.0,0.0,0.0,not_selected,0.0,0.0,0.0,0.0
208,"electrostatic:grid:(2, 3, 2)",electrostatic,grid,2.0,3.0,2.0,2.116708843612,3.1750632654179998,2.116708843612,4.363707070445645,-0.0,False,0.0,0.0,0.0,0.0,0.0,0.0,0.0,not_selected,0.0,0.0,0.0,0.0
209,"electrostatic:grid:(2, 3, 3)",electrostatic,grid,2.0,3.0,3.0,2.116708843612,3.1750632654179998,3.1750632654179998,4.9641222595176755,-0.0,False,0.0,0.0,0.0,0.0,-0.0,0.0,0.0,not_selected,0.0,0.0,0.0,0.0
210,"orbital:grid:(-5, 1, -2)",orbital,grid,-5.0,1.0,-2.0,-5.291772109029999,1.058354421806,-2.116708843612,5.796845906584836,0.0,False,0.0,0.0,0.0,0.0,0.0,0.0,0.0,not_selected,0.0,0.0,0.0,0.0
211,"orbital:grid:(-5, 1, -1)",orbital,grid,-5.0,1.0,-1.0,-5.291772109029999,1.058354421806,-1.058354421806,5.499370892949523,-0.0,False,0.0,0.0,0.0,0.0,0.0,0.0,0.0,not_selected,0.0,0.0,0.0,0.0
212,"orbital:grid:(-5, 1, 1)",orbital,grid,-5.0,1.0,1.0,-5.291772109029999,1.058354421806,1.058354421806,5.499370892949523,-0.0,False,0.0,0.0,0.0,0.0,0.0,0.0,0.0,not_selected,0.0,0.0,0.0,0.0
213,"orbital:grid:(-5, 1, 2)",orbital,grid,-5.0,1.0,2.0,-5.291772109029999,1.058354421806,2.116708843612,5.796845906584836,0.0,False,0.0,0.0,0.0,0.0,0.0,0.0,0.0,not_selected,0.0,0.0,0.0,0.0
214,"orbital:grid:(-5, 1, 3)",orbital,grid,-5.0,1.0,3.0,-5.291772109029999,1.058354421806,3.1750632654179998,6.26130919820056,0.0,False,0.0,0.0,0.0,0.0,0.0,0.0,0.0,not_selected,0.0,0.0,0.0,0.0
215,"orbital:grid:(-5, 2, -2)",orbital,grid,-5.0,2.0,-2.0,-5.291772109029999,2.116708843612,-2.116708843612,6.0797832783051,0.0,False,0.0,0.0,0.0,0.0,0.0,0.0,0.0,not_selected,0.0,0.0,0.0,0.0
216,"orbital:grid:(-5, 2, -1)",orbital,grid,-5.0,2.0,-1.0,-5.291772109029999,2.116708843612,-1.058354421806,5.796845906584836,-0.0,False,0.0,0.0,0.0,0.0,-0.0,0.0,0.0,not_selected,0.0,0.0,0.0,0.0
217,"orbital:grid:(-5, 2, 1)",orbital,grid,-5.0,2.0,1.0,-5.291772109029999,2.116708843612,1.058354421806,5.796845906584836,0.0,False,0.0,0.0,0.0,0.0,0.0,0.0,0.0,not_selected,0.0,0.0,0.0,0.0
218,"orbital:grid:(-5, 2, 2)",orbital,grid,-5.0,2.0,2.0,-5.291772109029999,2.116708843612,2.116708843612,6.0797832783051,0.0,False,0.0,0.0,0.0,0.0,0.0,0.0,0.0,not_selected,0.0,0.0,0.0,0.0
219,"orbital:grid:(-5, 2, 3)",orbital,grid,-5.0,2.0,3.0,-5.291772109029999,2.116708843612,3.1750632654179998,6.52413481788504,0.0,False,0.0,0.0,0.0,0.0,0.0,0.0,0.0,not_selected,0.0,0.0,0.0,0.0
220,"orbital:grid:(-5, 3, -2)",orbital,grid,-5.0,3.0,-2.0,-5.291772109029999,3.1750632654179998,-2.116708843612,6.52413481788504,-0.0,False,0.0,0.0,0.0,0.0,-0.0,0.0,0.0,not_selected,0.0,0.0,0.0,0.0
221,"orbital:grid:(-5, 3, -1)",orbital,grid,-5.0,3.0,-1.0,-5.291772109029999,3.1750632654179998,-1.058354421806,6.26130919820056,-0.0,False,0.0,0.0,0.0,0.0,-0.0,0.0,0.0,not_selected,0.0,0.0,0.0,0.0
222,"orbital:grid:(-5, 3, 1)",orbital,grid,-5.0,3.0,1.0,-5.291772109029999,3.1750632654179998,1.058354421806,6.26130919820056,-0.0,False,0.0,0.0,0.0,0.0,-0.0,0.0,0.0,not_selected,0.0,0.0,0.0,0.0
223,"orbital:grid:(-5, 3, 2)",orbital,grid,-5.0,3.0,2.0,-5.291772109029999,3.1750632654179998,2.116708843612,6.52413481788504,-0.0,False,0.0,0.0,0.0,0.0,-0.0,0.0,0.0,not_selected,0.0,0.0,0.0,0.0
224,"orbital:grid:(-5, 3, 3)",orbital,grid,-5.0,3.0,3.0,-5.291772109029999,3.1750632654179998,3.1750632654179998,6.940094057916033,-0.0,False,0.0,0.0,0.0,0.0,0.0,0.0,0.0,not_selected,0.0,0.0,0.0,0.0
225,"orbital:grid:(-4, 1, -2)",orbital,grid,-4.0,1.0,-2.0,-4.233417687224,1.058354421806,-2.116708843612,4.849989250017216,-0.0,False,0.0,0.0,0.0,0.0,0.0,0.0,0.0,not_selected,0.0,0.0,0.0,0.0
226,"orbital:grid:(-4, 1, -1)",orbital,grid,-4.0,1.0,-1.0,-4.233417687224,1.058354421806,-1.058354421806,4.490217531346741,-0.0,False,0.0,0.0,0.0,0.0,0.0,0.0,0.0,not_selected,0.0,0.0,0.0,0.0
227,"orbital:grid:(-4, 1, 1)",orbital,grid,-4.0,1.0,1.0,-4.233417687224,1.058354421806,1.058354421806,4.490217531346741,-0.0,False,0.0,0.0,0.0,0.0,0.0,0.0,0.0,not_selected,0.0,0.0,0.0,0.0
228,"orbital:grid:(-4, 1, 2)",orbital,grid,-4.0,1.0,2.0,-4.233417687224,1.058354421806,2.116708843612,4.849989250017216,0.0,False,0.0,0.0,0.0,0.0,0.0,0.0,0.0,not_selected,0.0,0.0,0.0,0.0
229,"orbital:grid:(-4, 1, 3)",orbital,grid,-4.0,1.0,3.0,-4.233417687224,1.058354421806,3.1750632654179998,5.396569849086003,-0.0,False,0.0,0.0,0.0,0.0,0.0,0.0,0.0,not_selected,0.0,0.0,0.0,0.0
230,"orbital:grid:(-4, 2, -2)",orbital,grid,-4.0,2.0,-2.0,-4.233417687224,2.116708843612,-2.116708843612,5.184856600886035,0.0,False,0.0,0.0,0.0,0.0,0.0,0.0,0.0,not_selected,0.0,0.0,0.0,0.0
231,"orbital:grid:(-4, 2, -1)",orbital,grid,-4.0,2.0,-1.0,-4.233417687224,2.116708843612,-1.058354421806,4.849989250017216,-0.0,False,0.0,0.0,0.0,0.0,-0.0,0.0,0.0,not_selected,0.0,0.0,0.0,0.0
232,"orbital:grid:(-4, 2, 1)",orbital,grid,-4.0,2.0,1.0,-4.233417687224,2.116708843612,1.058354421806,4.849989250017216,-0.0,False,0.0,0.0,0.0,0.0,-0.0,0.0,0.0,not_selected,0.0,0.0,0.0,0.0
233,"orbital:grid:(-4, 2, 2)",orbital,grid,-4.0,2.0,2.0,-4.233417687224,2.116708843612,2.116708843612,5.184856600886035,0.0,False,0.0,0.0,0.0,0.0,0.0,0.0,0.0,not_selected,0.0,0.0,0.0,0.0
234,"orbital:grid:(-4, 2, 3)",orbital,grid,-4.0,2.0,3.0,-4.233417687224,2.116708843612,3.1750632654179998,5.699412985784857,0.0,False,0.0,0.0,0.0,0.0,0.0,0.0,0.0,not_selected,0.0,0.0,0.0,0.0
235,"orbital:grid:(-4, 3, -2)",orbital,grid,-4.0,3.0,-2.0,-4.233417687224,3.1750632654179998,-2.116708843612,5.699412985784857,0.0,False,0.0,0.0,0.0,0.0,0.0,0.0,0.0,not_selected,0.0,0.0,0.0,0.0
236,"orbital:grid:(-4, 3, -1)",orbital,grid,-4.0,3.0,-1.0,-4.233417687224,3.1750632654179998,-1.058354421806,5.396569849086003,0.0,False,0.0,0.0,0.0,0.0,0.0,0.0,0.0,not_selected,0.0,0.0,0.0,0.0
237,"orbital:grid:(-4, 3, 1)",orbital,grid,-4.0,3.0,1.0,-4.233417687224,3.1750632654179998,1.058354421806,5.396569849086003,0.0,False,0.0,0.0,0.0,0.0,0.0,0.0,0.0,not_selected,0.0,0.0,0.0,0.0
238,"orbital:grid:(-4, 3, 2)",orbital,grid,-4.0,3.0,2.0,-4.233417687224,3.1750632654179998,2.116708843612,5.699412985784857,0.0,False,0.0,0.0,0.0,0.0,0.0,0.0,0.0,not_selected,0.0,0.0,0.0,0.0
239,"orbital:grid:(-4, 3, 3)",orbital,grid,-4.0,3.0,3.0,-4.233417687224,3.1750632654179998,3.1750632654179998,6.171213721247598,0.0,False,0.0,0.0,0.0,0.0,0.0,0.0,0.0,not_selected,0.0,0.0,0.0,0.0
240,"orbital:grid:(-3, 1, -2)",orbital,grid,-3.0,1.0,-2.0,-3.1750632654179998,1.058354421806,-2.116708843612,3.9599996401752833,0.0,False,0.0,0.0,0.0,0.0,0.0,0.0,0.0,not_selected,0.0,0.0,0.0,0.0
241,"orbital:grid:(-3, 1, -1)",orbital,grid,-3.0,1.0,-1.0,-3.1750632654179998,1.058354421806,-1.058354421806,3.510164512344035,0.0,False,0.0,0.0,0.0,0.0,0.0,0.0,0.0,not_selected,0.0,0.0,0.0,0.0
242,"orbital:grid:(-3, 1, 1)",orbital,grid,-3.0,1.0,1.0,-3.1750632654179998,1.058354421806,1.058354421806,3.510164512344035,0.0,False,0.0,0.0,0.0,0.0,0.0,0.0,0.0,not_selected,0.0,0.0,0.0,0.0
243,"orbital:grid:(-3, 1, 2)",orbital,grid,-3.0,1.0,2.0,-3.1750632654179998,1.058354421806,2.116708843612,3.9599996401752833,0.0,False,0.0,0.0,0.0,0.0,0.0,0.0,0.0,not_selected,0.0,0.0,0.0,0.0
244,"orbital:grid:(-3, 1, 3)",orbital,grid,-3.0,1.0,3.0,-3.1750632654179998,1.058354421806,3.1750632654179998,4.613259971101774,0.0,False,0.0,0.0,0.0,0.0,0.0,0.0,0.0,not_selected,0.0,0.0,0.0,0.0
245,"orbital:grid:(-3, 2, -2)",orbital,grid,-3.0,2.0,-2.0,-3.1750632654179998,2.116708843612,-2.116708843612,4.363707070445645,0.0,False,0.0,0.0,0.0,0.0,0.0,0.0,0.0,not_selected,0.0,0.0,0.0,0.0
246,"orbital:grid:(-3, 2, -1)",orbital,grid,-3.0,2.0,-1.0,-3.1750632654179998,2.116708843612,-1.058354421806,3.9599996401752833,0.0,False,0.0,0.0,0.0,0.0,0.0,0.0,0.0,not_selected,0.0,0.0,0.0,0.0
247,"orbital:grid:(-3, 2, 1)",orbital,grid,-3.0,2.0,1.0,-3.1750632654179998,2.116708843612,1.058354421806,3.9599996401752833,0.0,False,0.0,0.0,0.0,0.0,0.0,0.0,0.0,not_selected,0.0,0.0,0.0,0.0
248,"orbital:grid:(-3, 2, 2)",orbital,grid,-3.0,2.0,2.0,-3.1750632654179998,2.116708843612,2.116708843612,4.363707070445645,-0.0,False,0.0,0.0,0.0,0.0,-0.0,0.0,0.0,not_selected,0.0,0.0,0.0,0.0
249,"orbital:grid:(-3, 2, 3)",orbital,grid,-3.0,2.0,3.0,-3.1750632654179998,2.116708843612,3.1750632654179998,4.9641222595176755,-0.0,False,0.0,0.0,0.0,0.0,-0.0,0.0,0.0,not_selected,0.0,0.0,0.0,0.0
250,"orbital:grid:(-3, 3, -2)",orbital,grid,-3.0,3.0,-2.0,-3.1750632654179998,3.1750632654179998,-2.116708843612,4.9641222595176755,0.0,False,0.0,0.0,0.0,0.0,0.0,0.0,0.0,not_selected,0.0,0.0,0.0,0.0
251,"orbital:grid:(-3, 3, -1)",orbital,grid,-3.0,3.0,-1.0,-3.1750632654179998,3.1750632654179998,-1.058354421806,4.613259971101774,0.0,False,0.0,0.0,0.0,0.0,0.0,0.0,0.0,not_selected,0.0,0.0,0.0,0.0
252,"orbital:grid:(-3, 3, 1)",orbital,grid,-3.0,3.0,1.0,-3.1750632654179998,3.1750632654179998,1.058354421806,4.613259971101774,0.0,False,0.0,0.0,0.0,0.0,0.0,0.0,0.0,not_selected,0.0,0.0,0.0,0.0
253,"orbital:grid:(-3, 3, 2)",orbital,grid,-3.0,3.0,2.0,-3.1750632654179998,3.1750632654179998,2.116708843612,4.9641222595176755,-0.0,False,0.0,0.0,0.0,0.0,-0.0,0.0,0.0,not_selected,0.0,0.0,0.0,0.0
254,"orbital:grid:(-3, 3, 3)",orbital,grid,-3.0,3.0,3.0,-3.1750632654179998,3.1750632654179998,3.1750632654179998,5.499370892949523,-0.0,False,0.0,0.0,0.0,0.0,-0.0,0.0,0.0,not_selected,0.0,0.0,0.0,0.0
255,"orbital:grid:(-2, 1, -2)",orbital,grid,-2.0,1.0,-2.0,-2.116708843612,1.058354421806,-2.116708843612,3.1750632654179998,0.0,False,0.0,0.0,0.0,0.0,0.0,0.0,0.0,not_selected,0.0,0.0,0.0,0.0
256,"orbital:grid:(-2, 1, -1)",orbital,grid,-2.0,1.0,-1.0,-2.116708843612,1.058354421806,-1.058354421806,2.5924283004430175,0.0,False,0.0,0.0,0.0,0.0,0.0,0.0,0.0,not_selected,0.0,0.0,0.0,0.0
257,"orbital:grid:(-2, 1, 1)",orbital,grid,-2.0,1.0,1.0,-2.116708843612,1.058354421806,1.058354421806,2.5924283004430175,0.0,False,0.0,0.0,0.0,0.0,0.0,0.0,0.0,not_selected,0.0,0.0,0.0,0.0
258,"orbital:grid:(-2, 1, 2)",orbital,grid,-2.0,1.0,2.0,-2.116708843612,1.058354421806,2.116708843612,3.1750632654179998,0.0,False,0.0,0.0,0.0,0.0,0.0,0.0,0.0,not_selected,0.0,0.0,0.0,0.0
259,"orbital:grid:(-2, 1, 3)",orbital,grid,-2.0,1.0,3.0,-2.116708843612,1.058354421806,3.1750632654179998,3.9599996401752833,0.0,False,0.0,0.0,0.0,0.0,0.0,0.0,0.0,not_selected,0.0,0.0,0.0,0.0
260,"orbital:grid:(-2, 2, -2)",orbital,grid,-2.0,2.0,-2.0,-2.116708843612,2.116708843612,-2.116708843612,3.6662472619663484,-0.0,False,0.0,0.0,0.0,0.0,-0.0,0.0,0.0,not_selected,0.0,0.0,0.0,0.0
261,"orbital:grid:(-2, 2, -1)",orbital,grid,-2.0,2.0,-1.0,-2.116708843612,2.116708843612,-1.058354421806,3.1750632654179998,-0.0,False,0.0,0.0,0.0,0.0,-0.0,0.0,0.0,not_selected,0.0,0.0,0.0,0.0
262,"orbital:grid:(-2, 2, 1)",orbital,grid,-2.0,2.0,1.0,-2.116708843612,2.116708843612,1.058354421806,3.1750632654179998,-0.0,False,0.0,0.0,0.0,0.0,-0.0,0.0,0.0,not_selected,0.0,0.0,0.0,0.0
263,"orbital:grid:(-2, 2, 2)",orbital,grid,-2.0,2.0,2.0,-2.116708843612,2.116708843612,2.116708843612,3.6662472619663484,-0.0,False,0.0,0.0,0.0,0.0,-0.0,0.0,0.0,not_selected,0.0,0.0,0.0,0.0
264,"orbital:grid:(-2, 2, 3)",orbital,grid,-2.0,2.0,3.0,-2.116708843612,2.116708843612,3.1750632654179998,4.363707070445645,-0.0,False,0.0,0.0,0.0,0.0,-0.0,0.0,0.0,not_selected,0.0,0.0,0.0,0.0
265,"orbital:grid:(-2, 3, -2)",orbital,grid,-2.0,3.0,-2.0,-2.116708843612,3.1750632654179998,-2.116708843612,4.363707070445645,-0.0,False,0.0,0.0,0.0,0.0,-0.0,0.0,0.0,not_selected,0.0,0.0,0.0,0.0
266,"orbital:grid:(-2, 3, -1)",orbital,grid,-2.0,3.0,-1.0,-2.116708843612,3.1750632654179998,-1.058354421806,3.9599996401752833,-0.0,False,0.0,0.0,0.0,0.0,-0.0,0.0,0.0,not_selected,0.0,0.0,0.0,0.0
267,"orbital:grid:(-2, 3, 1)",orbital,grid,-2.0,3.0,1.0,-2.116708843612,3.1750632654179998,1.058354421806,3.9599996401752833,-0.0,False,0.0,0.0,0.0,0.0,-0.0,0.0,0.0,not_selected,0.0,0.0,0.0,0.0
268,"orbital:grid:(-2, 3, 2)",orbital,grid,-2.0,3.0,2.0,-2.116708843612,3.1750632654179998,2.116708843612,4.363707070445645,-0.0,False,0.0,0.0,0.0,0.0,-0.0,0.0,0.0,not_selected,0.0,0.0,0.0,0.0
269,"orbital:grid:(-2, 3, 3)",orbital,grid,-2.0,3.0,3.0,-2.116708843612,3.1750632654179998,3.1750632654179998,4.9641222595176755,-0.0,False,0.0,0.0,0.0,0.0,-0.0,0.0,0.0,not_selected,0.0,0.0,0.0,0.0
270,"orbital:grid:(-1, 1, -2)",orbital,grid,-1.0,1.0,-2.0,-1.058354421806,1.058354421806,-2.116708843612,2.5924283004430175,-0.0,False,0.0,0.0,0.0,0.0,-0.0,0.0,0.0,not_selected,0.0,0.0,0.0,0.0
271,"orbital:grid:(-1, 1, -1)",orbital,grid,-1.0,1.0,-1.0,-1.058354421806,1.058354421806,-1.058354421806,1.8331236309831742,-0.018227019484,True,0.891566265060241,-0.016745723998919004,-0.017833607795813534,-0.025062168119576896,-0.005265936310492872,-0.01822387871814679,1.0,negative,0.041064265428313,0.03475797514265235,0.09791058639164474,0.01625059568453012
272,"orbital:grid:(-1, 1, 1)",orbital,grid,-1.0,1.0,1.0,-1.058354421806,1.058354421806,1.058354421806,1.8331236309831742,-0.0,False,0.03614457831325301,-0.0007120111146214828,0.0,0.0,-0.0,-0.02123674916760372,1.0,negative,0.0,0.0,0.0,0.0
273,"orbital:grid:(-1, 1, 2)",orbital,grid,-1.0,1.0,2.0,-1.058354421806,1.058354421806,2.116708843612,2.5924283004430175,-0.0,False,0.0,0.0,0.0,0.0,-0.0,0.0,0.0,not_selected,0.0,0.0,0.0,0.0
274,"orbital:grid:(-1, 1, 3)",orbital,grid,-1.0,1.0,3.0,-1.058354421806,1.058354421806,3.1750632654179998,3.510164512344035,-0.0,False,0.0,0.0,0.0,0.0,-0.0,0.0,0.0,not_selected,0.0,0.0,0.0,0.0
275,"orbital:grid:(-1, 2, -2)",orbital,grid,-1.0,2.0,-2.0,-1.058354421806,2.116708843612,-2.116708843612,3.1750632654179998,-0.0,False,0.0,0.0,0.0,0.0,-0.0,0.0,0.0,not_selected,0.0,0.0,0.0,0.0
276,"orbital:grid:(-1, 2, -1)",orbital,grid,-1.0,2.0,-1.0,-1.058354421806,2.116708843612,-1.058354421806,2.5924283004430175,0.0,False,0.0,0.0,0.0,0.0,0.0,0.0,0.0,not_selected,0.0,0.0,0.0,0.0
277,"orbital:grid:(-1, 2, 1)",orbital,grid,-1.0,2.0,1.0,-1.058354421806,2.116708843612,1.058354421806,2.5924283004430175,0.0,False,0.0,0.0,0.0,0.0,0.0,0.0,0.0,not_selected,0.0,0.0,0.0,0.0
278,"orbital:grid:(-1, 2, 2)",orbital,grid,-1.0,2.0,2.0,-1.058354421806,2.116708843612,2.116708843612,3.1750632654179998,0.0,False,0.0,0.0,0.0,0.0,0.0,0.0,0.0,not_selected,0.0,0.0,0.0,0.0
279,"orbital:grid:(-1, 2, 3)",orbital,grid,-1.0,2.0,3.0,-1.058354421806,2.116708843612,3.1750632654179998,3.9599996401752833,-0.0,False,0.0,0.0,0.0,0.0,-0.0,0.0,0.0,not_selected,0.0,0.0,0.0,0.0
280,"orbital:grid:(-1, 3, -2)",orbital,grid,-1.0,3.0,-2.0,-1.058354421806,3.1750632654179998,-2.116708843612,3.9599996401752833,0.0,False,0.0,0.0,0.0,0.0,0.0,0.0,0.0,not_selected,0.0,0.0,0.0,0.0
281,"orbital:grid:(-1, 3, -1)",orbital,grid,-1.0,3.0,-1.0,-1.058354421806,3.1750632654179998,-1.058354421806,3.510164512344035,0.0,False,0.0,0.0,0.0,0.0,0.0,0.0,0.0,not_selected,0.0,0.0,0.0,0.0
282,"orbital:grid:(-1, 3, 1)",orbital,grid,-1.0,3.0,1.0,-1.058354421806,3.1750632654179998,1.058354421806,3.510164512344035,0.0,False,0.0,0.0,0.0,0.0,0.0,0.0,0.0,not_selected,0.0,0.0,0.0,0.0
283,"orbital:grid:(-1, 3, 2)",orbital,grid,-1.0,3.0,2.0,-1.058354421806,3.1750632654179998,2.116708843612,3.9599996401752833,0.0,False,0.0,0.0,0.0,0.0,0.0,0.0,0.0,not_selected,0.0,0.0,0.0,0.0
284,"orbital:grid:(-1, 3, 3)",orbital,grid,-1.0,3.0,3.0,-1.058354421806,3.1750632654179998,3.1750632654179998,4.613259971101774,-0.0,False,0.0,0.0,0.0,0.0,-0.0,0.0,0.0,not_selected,0.0,0.0,0.0,0.0
285,"orbital:grid:(1, 1, -2)",orbital,grid,1.0,1.0,-2.0,1.058354421806,1.058354421806,-2.116708843612,2.5924283004430175,0.0,False,0.0,0.0,0.0,0.0,0.0,0.0,0.0,not_selected,0.0,0.0,0.0,0.0
286,"orbital:grid:(1, 1, -1)",orbital,grid,1.0,1.0,-1.0,1.058354421806,1.058354421806,-1.058354421806,1.8331236309831742,0.03595637100513226,True,0.8072289156626506,0.03103642772942908,0.03134984301639662,0.0,0.05429465713516022,0.038126260551355935,1.0,positive,0.055034272730610435,0.041763332800231194,0.11873346892046925,0.029025022377636885
287,"orbital:grid:(1, 1, 1)",orbital,grid,1.0,1.0,1.0,1.058354421806,1.058354421806,1.058354421806,1.8331236309831742,0.010161453114213103,True,0.6385542168674698,0.017028193215048892,0.011109561528953668,0.0,0.03684531210775649,0.02408466652639581,1.0,positive,0.015050909480018677,0.011667125193901895,0.034617546154920804,0.006488638735581861
288,"orbital:grid:(1, 1, 2)",orbital,grid,1.0,1.0,2.0,1.058354421806,1.058354421806,2.116708843612,2.5924283004430175,0.0,False,0.0,0.0,0.0,0.0,0.0,0.0,0.0,not_selected,0.0,0.0,0.0,0.0
289,"orbital:grid:(1, 1, 3)",orbital,grid,1.0,1.0,3.0,1.058354421806,1.058354421806,3.1750632654179998,3.510164512344035,-0.0,False,0.0,0.0,0.0,0.0,-0.0,0.0,0.0,not_selected,0.0,0.0,0.0,0.0
290,"orbital:grid:(1, 2, -2)",orbital,grid,1.0,2.0,-2.0,1.058354421806,2.116708843612,-2.116708843612,3.1750632654179998,-0.0,False,0.0,0.0,0.0,0.0,-0.0,0.0,0.0,not_selected,0.0,0.0,0.0,0.0
291,"orbital:grid:(1, 2, -1)",orbital,grid,1.0,2.0,-1.0,1.058354421806,2.116708843612,-1.058354421806,2.5924283004430175,-0.0,False,0.0,0.0,0.0,0.0,-0.0,0.0,0.0,not_selected,0.0,0.0,0.0,0.0
292,"orbital:grid:(1, 2, 1)",orbital,grid,1.0,2.0,1.0,1.058354421806,2.116708843612,1.058354421806,2.5924283004430175,-0.0,False,0.0,0.0,0.0,0.0,-0.0,0.0,0.0,not_selected,0.0,0.0,0.0,0.0
293,"orbital:grid:(1, 2, 2)",orbital,grid,1.0,2.0,2.0,1.058354421806,2.116708843612,2.116708843612,3.1750632654179998,-0.0,False,0.0,0.0,0.0,0.0,-0.0,0.0,0.0,not_selected,0.0,0.0,0.0,0.0
294,"orbital:grid:(1, 2, 3)",orbital,grid,1.0,2.0,3.0,1.058354421806,2.116708843612,3.1750632654179998,3.9599996401752833,0.0,False,0.0,0.0,0.0,0.0,0.0,0.0,0.0,not_selected,0.0,0.0,0.0,0.0
295,"orbital:grid:(1, 3, -2)",orbital,grid,1.0,3.0,-2.0,1.058354421806,3.1750632654179998,-2.116708843612,3.9599996401752833,-0.0,False,0.0,0.0,0.0,0.0,-0.0,0.0,0.0,not_selected,0.0,0.0,0.0,0.0
296,"orbital:grid:(1, 3, -1)",orbital,grid,1.0,3.0,-1.0,1.058354421806,3.1750632654179998,-1.058354421806,3.510164512344035,-0.0,False,0.0,0.0,0.0,0.0,-0.0,0.0,0.0,not_selected,0.0,0.0,0.0,0.0
297,"orbital:grid:(1, 3, 1)",orbital,grid,1.0,3.0,1.0,1.058354421806,3.1750632654179998,1.058354421806,3.510164512344035,-0.0,False,0.0,0.0,0.0,0.0,-0.0,0.0,0.0,not_selected,0.0,0.0,0.0,0.0
298,"orbital:grid:(1, 3, 2)",orbital,grid,1.0,3.0,2.0,1.058354421806,3.1750632654179998,2.116708843612,3.9599996401752833,-0.0,False,0.0,0.0,0.0,0.0,-0.0,0.0,0.0,not_selected,0.0,0.0,0.0,0.0
299,"orbital:grid:(1, 3, 3)",orbital,grid,1.0,3.0,3.0,1.058354421806,3.1750632654179998,3.1750632654179998,4.613259971101774,0.0,False,0.0,0.0,0.0,0.0,0.0,0.0,0.0,not_selected,0.0,0.0,0.0,0.0
300,"orbital:grid:(2, 1, -2)",orbital,grid,2.0,1.0,-2.0,2.116708843612,1.058354421806,-2.116708843612,3.1750632654179998,0.0,False,0.0,0.0,0.0,0.0,0.0,0.0,0.0,not_selected,0.0,0.0,0.0,0.0
301,"orbital:grid:(2, 1, -1)",orbital,grid,2.0,1.0,-1.0,2.116708843612,1.058354421806,-1.058354421806,2.5924283004430175,0.0,False,0.0,0.0,0.0,0.0,0.0,0.0,0.0,not_selected,0.0,0.0,0.0,0.0
302,"orbital:grid:(2, 1, 1)",orbital,grid,2.0,1.0,1.0,2.116708843612,1.058354421806,1.058354421806,2.5924283004430175,0.0,False,0.0,0.0,0.0,0.0,0.0,0.0,0.0,not_selected,0.0,0.0,0.0,0.0
303,"orbital:grid:(2, 1, 2)",orbital,grid,2.0,1.0,2.0,2.116708843612,1.058354421806,2.116708843612,3.1750632654179998,0.0,False,0.0,0.0,0.0,0.0,0.0,0.0,0.0,not_selected,0.0,0.0,0.0,0.0
304,"orbital:grid:(2, 1, 3)",orbital,grid,2.0,1.0,3.0,2.116708843612,1.058354421806,3.1750632654179998,3.9599996401752833,0.0,False,0.0,0.0,0.0,0.0,0.0,0.0,0.0,not_selected,0.0,0.0,0.0,0.0
305,"orbital:grid:(2, 2, -2)",orbital,grid,2.0,2.0,-2.0,2.116708843612,2.116708843612,-2.116708843612,3.6662472619663484,0.0,False,0.0,0.0,0.0,0.0,0.0,0.0,0.0,not_selected,0.0,0.0,0.0,0.0
306,"orbital:grid:(2, 2, -1)",orbital,grid,2.0,2.0,-1.0,2.116708843612,2.116708843612,-1.058354421806,3.1750632654179998,0.0,False,0.0,0.0,0.0,0.0,0.0,0.0,0.0,not_selected,0.0,0.0,0.0,0.0
307,"orbital:grid:(2, 2, 1)",orbital,grid,2.0,2.0,1.0,2.116708843612,2.116708843612,1.058354421806,3.1750632654179998,0.0,False,0.0,0.0,0.0,0.0,0.0,0.0,0.0,not_selected,0.0,0.0,0.0,0.0
308,"orbital:grid:(2, 2, 2)",orbital,grid,2.0,2.0,2.0,2.116708843612,2.116708843612,2.116708843612,3.6662472619663484,0.0,False,0.0,0.0,0.0,0.0,0.0,0.0,0.0,not_selected,0.0,0.0,0.0,0.0
309,"orbital:grid:(2, 2, 3)",orbital,grid,2.0,2.0,3.0,2.116708843612,2.116708843612,3.1750632654179998,4.363707070445645,-0.0,False,0.0,0.0,0.0,0.0,-0.0,0.0,0.0,not_selected,0.0,0.0,0.0,0.0
310,"orbital:grid:(2, 3, -2)",orbital,grid,2.0,3.0,-2.0,2.116708843612,3.1750632654179998,-2.116708843612,4.363707070445645,-0.0,False,0.0,0.0,0.0,0.0,-0.0,0.0,0.0,not_selected,0.0,0.0,0.0,0.0
311,"orbital:grid:(2, 3, -1)",orbital,grid,2.0,3.0,-1.0,2.116708843612,3.1750632654179998,-1.058354421806,3.9599996401752833,-0.0,False,0.0,0.0,0.0,0.0,-0.0,0.0,0.0,not_selected,0.0,0.0,0.0,0.0
312,"orbital:grid:(2, 3, 1)",orbital,grid,2.0,3.0,1.0,2.116708843612,3.1750632654179998,1.058354421806,3.9599996401752833,-0.0,False,0.0,0.0,0.0,0.0,0.0,0.0,0.0,not_selected,0.0,0.0,0.0,0.0
313,"orbital:grid:(2, 3, 2)",orbital,grid,2.0,3.0,2.0,2.116708843612,3.1750632654179998,2.116708843612,4.363707070445645,-0.0,False,0.0,0.0,0.0,0.0,-0.0,0.0,0.0,not_selected,0.0,0.0,0.0,0.0
314,"orbital:grid:(2, 3, 3)",orbital,grid,2.0,3.0,3.0,2.116708843612,3.1750632654179998,3.1750632654179998,4.9641222595176755,-0.0,False,0.0,0.0,0.0,0.0,-0.0,0.0,0.0,not_selected,0.0,0.0,0.0,0.0
