block,y_grid,candidate_grid_n,fulltrain_nonzero_grid_n,sum_abs_coefficient,coefficient_l2,quadrature_centered_effect_rms_kcal_mol,mean_outer_selection_frequency,stable_grid_n_frequency_ge_0_5
electronic,1.0,35.0,7.0,0.40939287151484033,0.16349738538799888,0.4632348903335609,0.2223752151462995,7.0
electronic,2.0,35.0,8.0,0.5901447853393536,0.28214538202178385,0.6975434948181201,0.212736660929432,8.0
electronic,3.0,35.0,9.0,0.4319323153180911,0.1951457597767475,0.43125905607689896,0.25094664371772807,9.0
electrostatic,1.0,35.0,6.0,0.5344768584729426,0.278356100479165,0.8086466524128808,0.18244406196213425,6.0
electrostatic,2.0,35.0,8.0,0.3071819742331941,0.14131891485853995,0.3853879746307014,0.23339070567986225,8.0
electrostatic,3.0,35.0,10.0,0.4006691760083644,0.15380972733038664,0.370883973542175,0.3046471600688468,11.0
orbital,1.0,35.0,3.0,0.06434484360334536,0.04157330855875176,0.07029633664942911,0.06781411359724614,3.0
orbital,2.0,35.0,0.0,0.0,0.0,0.0,0.0,0.0
orbital,3.0,35.0,0.0,0.0,0.0,0.0,0.0,0.0
