entry,name,InChIKey,SMILES,temperature,ΔΔG.expt.,test
x1,"1,3-Diacetylbenzene",VCHOFVSNWYPAEF-CDYZYAPPSA-N,O=[13C](C)c1cc(C(=O)C)ccc1,273,,1
x2,"1,3-Diacetylbenzene",VCHOFVSNWYPAEF-CDYZYAPPSA-N,O=[13C](C)c1cc(C(=O)C)ccc1,273,,1
x3,"1,3-Diacetylbenzene",VCHOFVSNWYPAEF-CDYZYAPPSA-N,O=[13C](C)c1cc(C(=O)C)ccc1,273,,1
x4,"1,3-Diacetylbenzene",VCHOFVSNWYPAEF-CDYZYAPPSA-N,O=[13C](C)c1cc(C(=O)C)ccc1,273,,1
x13,"1,3-Diacetylbenzene (Reduction to cis-diol)",YYRHKGUSBRUPHT-JGKGVNBQSA-N,O=[13C](C)c1cc([C@H](O)C)ccc1,273,,1
x14,"1,3-Diacetylbenzene (Reduction to trans-diol)",YYRHKGUSBRUPHT-BAZIHRRBSA-N,O=[13C](C)c1cc([C@@H](O)C)ccc1,273,,1
x23,"1,3-Diacetylbenzene (Reduction to trans-diol)",YYRHKGUSBRUPHT-BAZIHRRBSA-N,O=[13C](C)c1cc([C@@H](O)C)ccc1,273,,1
x24,"1,3-Diacetylbenzene (Reduction to cis-diol)",YYRHKGUSBRUPHT-JGKGVNBQSA-N,O=[13C](C)c1cc([C@H](O)C)ccc1,273,,1
x31,"1,3-Diacetylbenzene (Reduction to cis-diol)",YYRHKGUSBRUPHT-JGKGVNBQSA-N,O=[13C](C)c1cc([C@H](O)C)ccc1,273,,1
x32,"1,3-Diacetylbenzene (Reduction to trans-diol)",YYRHKGUSBRUPHT-BAZIHRRBSA-N,O=[13C](C)c1cc([C@@H](O)C)ccc1,273,,1
x41,"1,3-Diacetylbenzene (Reduction to trans-diol)",YYRHKGUSBRUPHT-BAZIHRRBSA-N,O=[13C](C)c1cc([C@@H](O)C)ccc1,273,,1
x42,"1,3-Diacetylbenzene (Reduction to cis-diol)",YYRHKGUSBRUPHT-JGKGVNBQSA-N,O=[13C](C)c1cc([C@H](O)C)ccc1,273,,1
y1,"1,4-Diacetylbenzene",SKBBQSLSGRSQAJ-CDYZYAPPSA-N,O=[13C](C)c1ccc(C(=O)C)cc1,273,,1
y2,"1,4-Diacetylbenzene",SKBBQSLSGRSQAJ-CDYZYAPPSA-N,O=[13C](C)c1ccc(C(=O)C)cc1,273,,1
y3,"1,4-Diacetylbenzene",SKBBQSLSGRSQAJ-CDYZYAPPSA-N,O=[13C](C)c1ccc(C(=O)C)cc1,273,,1
y4,"1,4-Diacetylbenzene",SKBBQSLSGRSQAJ-CDYZYAPPSA-N,O=[13C](C)c1ccc(C(=O)C)cc1,273,,1
y13,"1,4-Diacetylbenzene (Reduction to cis-diol)",NWDDTMPWTLSMBS-JGKGVNBQSA-N,O=[13C](C)c1ccc([C@H](O)C)cc1,273,,1
y14,"1,4-Diacetylbenzene (Reduction to trans-diol)",NWDDTMPWTLSMBS-BAZIHRRBSA-N,O=[13C](C)c1ccc([C@@H](O)C)cc1,273,,1
y23,"1,4-Diacetylbenzene (Reduction to trans-diol)",NWDDTMPWTLSMBS-BAZIHRRBSA-N,O=[13C](C)c1ccc([C@@H](O)C)cc1,273,,1
y24,"1,4-Diacetylbenzene (Reduction to cis-diol)",NWDDTMPWTLSMBS-JGKGVNBQSA-N,O=[13C](C)c1ccc([C@H](O)C)cc1,273,,1
y31,"1,4-Diacetylbenzene (Reduction to cis-diol)",NWDDTMPWTLSMBS-JGKGVNBQSA-N,O=[13C](C)c1ccc([C@H](O)C)cc1,273,,1
y32,"1,4-Diacetylbenzene (Reduction to trans-diol)",NWDDTMPWTLSMBS-BAZIHRRBSA-N,O=[13C](C)c1ccc([C@@H](O)C)cc1,273,,1
y41,"1,4-Diacetylbenzene (Reduction to trans-diol)",NWDDTMPWTLSMBS-BAZIHRRBSA-N,O=[13C](C)c1ccc([C@@H](O)C)cc1,273,,1
y42,"1,4-Diacetylbenzene (Reduction to cis-diol)",NWDDTMPWTLSMBS-JGKGVNBQSA-N,O=[13C](C)c1ccc([C@H](O)C)cc1,273,,1
g1,18 (diketone to trans-cyclohexanol),CDZIAERYNQQTTL-MFRZQROJSA-N,O=[13C]1CC[C@]23C[C@H]2C(=O)C[C@]3(C)C1(C)(C),273,,1
g2,18 (diketone to cis-cyclohexanol),CDZIAERYNQQTTL-GPMRVYOUSA-N,O=[13C]1CC[C@@]23C[C@@H]2C(=O)C[C@@]3(C)C1(C)(C),273,,1
g3,18 (diketone to trans-cyclopetanol),CDZIAERYNQQTTL-JQEYLOQLSA-N,O=[13C]1C[C@]2(C)C(C)(C)C(=O)CC[C@@]23C[C@@H]13,273,,1
g4,18 (diketone to cis-cyclopetanol),CDZIAERYNQQTTL-BQZGOPTGSA-N,O=[13C]1C[C@@]2(C)C(C)(C)C(=O)CC[C@]23C[C@H]13,273,,1
g13,18 (trans-cyclohexanol to trans-cyclopetanol),HSZUCBRROMXFTP-QNNPYUMWSA-N,O=[13C]1C[C@]2(C)C(C)(C)[C@H](O)CC[C@@]23C[C@@H]13,273,,1
g14,18 (trans-cyclohexanol to cis-cyclopetanol),HSZUCBRROMXFTP-XYSGLKTPSA-N,O=[13C]1C[C@@]2(C)C(C)(C)[C@@H](O)CC[C@]23C[C@H]13,273,,1
g23,18 (cis-cyclohexanol to trans-cyclopetanol),HSZUCBRROMXFTP-JJHNRALGSA-N,O=[13C]1C[C@]2(C)C(C)(C)[C@@H](O)CC[C@@]23C[C@@H]13,273,,1
g24,18 (cis-cyclohexanol to cis-cyclopetanol),HSZUCBRROMXFTP-RKCYBLCYSA-N,O=[13C]1C[C@@]2(C)C(C)(C)[C@H](O)CC[C@]23C[C@H]13,273,,1
g31,18 (trans-cyclopentanol to trans-cyclohexanol),INJDMARMLWBWDI-SBSZUFRLSA-N,O=[13C]1CC[C@]23C[C@H]2[C@H](O)C[C@]3(C)C1(C)(C),273,,1
g32,18 (trans-cyclopentanol to cis-cyclohexanol),INJDMARMLWBWDI-GSTMQQRNSA-N,O=[13C]1CC[C@@]23C[C@@H]2[C@@H](O)C[C@@]3(C)C1(C)(C),273,,1
g41,18 (cis-cyclopentanol to trans-cyclohexanol),INJDMARMLWBWDI-PAGHARENSA-N,O=[13C]1CC[C@]23C[C@H]2[C@@H](O)C[C@]3(C)C1(C)(C),273,,1
g42,18 (cis-cyclopentanol to cis-cyclohexanol),INJDMARMLWBWDI-NPRYSKNASA-N,O=[13C]1CC[C@@]23C[C@@H]2[C@H](O)C[C@@]3(C)C1(C)(C),273,,1
