entry,name,InChIKey,ΔΔG.expt.,test,fulltrain_prediction,electronic_contribution,electrostatic_contribution,orbital_contribution,intercept,role
C16,1-chloropinacolin,ULSAJQMHTGKPIY-UHFFFAOYSA-N,-2.6011302940242405,0,-2.5579523151229813,3.5433670422491783,-2.1168969623343514,0.5720461403063898,-4.5564685353442,training
A12,"2,2,2-trifluoroacetophenone",KZJRKRQSDZGHEC-UHFFFAOYSA-N,-2.3266614749075223,0,-2.3043034885873466,2.9362132717989318,-1.121097200254103,0.43704897521202374,-4.5564685353442,training
D11,"4,4-dimethylcyclohexanone",PXQMSTLNSHMSJB-LBPDFUHNSA-N,-2.101963024860244,0,-1.9614733680108856,1.952299171447321,0.13579623585357634,0.5068997600324164,-4.5564685353442,training
B5,2-indanone,UMJJFEIKYGFCAT-HOSYLAQJSA-N,-2.1017879973597875,0,-2.0415167608494267,3.765823893794712,-1.7803851617013149,0.5295130424013752,-4.5564685353442,training
D12(trans),4-tert-butylcyclohexanone (trans),YKFKEYKJGVSEIX-KWYDOPHBSA-N,-2.284136805132168,0,-2.2209984752695613,0.6171291372822321,1.030237890663743,0.6881030321286633,-4.5564685353442,training
D12(cis),4-tert-butylcyclohexanone (cis),YKFKEYKJGVSEIX-BAUXJJEQSA-N,-1.5809412322316223,0,-1.5646551525119858,3.031828955751851,-0.7208908695109344,0.6808752965912968,-4.5564685353442,training
D8(trans),2-methylcyclohexanone(trans),LFSAPCRASZRSKS-LURJTMIESA-N,-2.277837356990933,0,-2.0663252922641577,1.5772950411347997,0.4573322919372229,0.45551591000801883,-4.5564685353442,training
D8(cis),2-methylcyclohexanone(cis),LFSAPCRASZRSKS-ZCFIWIBFSA-N,-1.943198399939441,0,-1.7323122124929577,3.166565129688916,-0.791644458313975,0.4492356514763011,-4.5564685353442,training
A4,4'-nitroacetophenone,YQYGPGKTNQNXMH-UHFFFAOYSA-N,-2.0184474070018505,0,-1.9664309156513742,3.470483499653254,-1.4084217555701761,0.5279758756097476,-4.5564685353442,training
D9(cis),3-methylcyclohexanone (cis),UJBOOUHRTQVGRU-ZCFIWIBFSA-N,-2.1034218579627373,0,-2.17826835450599,1.2735171503343232,0.564836867144467,0.539846163359419,-4.5564685353442,training
D9(trans),3-methylcyclohexanone (trans),UJBOOUHRTQVGRU-LURJTMIESA-N,-1.502819090913842,0,-1.3524872572699778,3.064233119713876,-0.39481189866219213,0.5345600570225384,-4.5564685353442,training
C3,4-phenyl-3-butyn-2-one,UPEUQDJSUFHFQP-UHFFFAOYSA-N,-1.8066202652671983,0,-1.708106890632966,2.3890192200821674,-0.09715039138693123,0.5564928160159982,-4.5564685353442,training
A9,3'-nitroacetophenone,ARKIFHPFTHVKDT-UHFFFAOYSA-N,-1.7950553485601817,0,-1.8657778033756034,3.2991320649017566,-1.2349072770861171,0.6264659441529572,-4.5564685353442,training
B6,2-tetralone,KCKZIWSINLBROE-UHFFFAOYSA-N,-1.7255659462170907,0,-1.7265708772974886,3.5178904938301625,-1.2166976148074349,0.5287047790239823,-4.5564685353442,training
D10(trans),4-methylcyclohexanone (trans),VGVHNLRUAMRIEW-NFPUQWBCSA-N,-2.5316082791648906,0,-2.5791180594829815,0.5081085717103814,0.9217675322574882,0.5474743718933478,-4.5564685353442,training
D10(cis),4-methylcyclohexanone (cis),VGVHNLRUAMRIEW-TXNNBAIQSA-N,-1.7285998543165435,0,-1.7972244988286228,2.7713636281810663,-0.5512883734161508,0.5391687817506606,-4.5564685353442,training
D4,cyclohexanone,JHIVVAPYMSGYDF-AZXPZELESA-N,-2.0835534791638555,0,-2.023155925364756,2.0659325323781674,-0.15319724756721573,0.6205773251684908,-4.5564685353442,training
B7,9-fluorenone,YLQWCDOCJODRMT-KHWBWMQUSA-N,-1.7493197476945608,1,0.9771148324456194,4.5308858201408135,0.5708388454690334,0.43185870217997285,-4.5564685353442,excluded_monoketone
D1(cis),3-(benzyloxy)cyclobutanone(cis),GPPSQLLIFNWNSB-VFOIXEAWSA-N,-1.9691263120891376,1,-0.5457055809970717,3.79832915757738,-0.3459867247132816,0.5584205214830301,-4.5564685353442,excluded_monoketone
D1(trans),3-(benzyloxy)cyclobutanone(trans),GPPSQLLIFNWNSB-VXPBIQBCSA-N,-0.9119717054118576,1,-1.9327855862380767,3.6822165014121646,-1.637814416217911,0.5792808639118695,-4.5564685353442,excluded_monoketone
A11,3'-(trifluoromethyl)acetophenone,ABXGMGUHGLQMAW-UHFFFAOYSA-N,-1.5841979094277034,0,-1.5179695690249853,3.296329723419929,-0.7562390950533743,0.49840833795266076,-4.5564685353442,training
E4,2-adamantanone,IYKFYARMMIESOX-VJJZLTLGSA-N,-1.470473783294095,0,-1.4864197581843444,0.8475679788679343,1.4905307658781004,0.7319500324138207,-4.5564685353442,training
A6,4'-(trifluoromethyl)acetophenone,HHAISVSEJFEWBZ-UHFFFAOYSA-N,-1.4634050959363298,0,-1.3145498485375815,3.5064860971525538,-0.7058650570949088,0.4412976467489739,-4.5564685353442,training
C8,2-fluorophenylacetone,BANVZEUCJHUPOI-UHFFFAOYSA-N,-1.1844708922616534,0,-1.0845201091399508,3.3221610134486754,-0.43126711320714517,0.5810545259627192,-4.5564685353442,training
C2,4-phenyl-2-butanone,AKGGYBADQZYZPD-UHFFFAOYSA-N,-1.139750790027024,0,-1.2449844345965912,3.4958304185332136,-0.6727974981876669,0.48845118040206265,-4.5564685353442,training
C4,"1,1-dimethoxy-3-butanone",PJCCSZUMZMCWSX-UHFFFAOYSA-N,-0.8821075033688486,0,-0.9489300188788707,3.1368831780964284,-0.10320541306377302,0.573860751432675,-4.5564685353442,training
C6,1-cyclopentylethanone,LKENTYLPIUIMFG-UHFFFAOYSA-N,-0.8741251315776558,0,-0.7311124090466494,3.101176948518836,0.25818520444787973,0.46599397333083475,-4.5564685353442,training
B2,5-chloro-1-indanone,MEDSHTHCZIOVPU-UHFFFAOYSA-N,-0.8119907764955839,0,-0.8357078206106405,4.274114101368994,-1.0952824906793732,0.5419291040439382,-4.5564685353442,training
C5,2-nonanone,VKCYHJWLYTUGCC-UHFFFAOYSA-N,-0.7959106766567086,0,-0.6110515724383117,3.721097193550471,-0.2923926571821747,0.5167124265375922,-4.5564685353442,training
D14(trans),"3,3,5-trimethylcyclohexanone(trans)",POSWICCRDBKBMH-ZETCQYMHSA-N,-1.093032799535838,0,-1.0434595365402997,3.7941939700317278,-0.8543910929381048,0.573206121710276,-4.5564685353442,training
D14(cis),"3,3,5-trimethylcyclohexanone(cis)",POSWICCRDBKBMH-SSDOTTSWSA-N,-0.1836116224693557,0,-0.08486417419747383,1.3307178173550203,2.5659363796178396,0.5749501641738668,-4.5564685353442,training
A5,4'-chloroacetophenone,BUZYGTVTZYSBCU-UHFFFAOYSA-N,-0.7904736039696392,0,-1.0405144770113948,3.371633904778387,-0.41799707047885865,0.5623172240332781,-4.5564685353442,training
A18,"2,2-dimethyl-1-phenylpropan-1-one",OECPUBRNDKXFDX-UHFFFAOYSA-N,-0.7672692930524473,0,-0.7486654906828818,3.3065067340805574,0.07226315547562656,0.4290331551051337,-4.5564685353442,training
A10,3'-chloroacetophenone,UUWJBXKHMMQDED-UHFFFAOYSA-N,-0.7451105814624829,0,-0.7844746112552059,3.395984333897987,-0.20192148840323162,0.5779310785942389,-4.5564685353442,training
B10,dibenzosuberenone,SNVTZAIYUGUKNI-KCKQSJSWSA-N,-0.5707522973278076,0,-0.3969187688545963,4.238169977438912,-0.6327036169508045,0.554083406001497,-4.5564685353442,training
E2(endo),2-norbornanone (endo),KPMKEVXVVHNIEY-PRJDIBJQSA-N,-0.8985045618297822,0,-0.9105203771709331,3.40460993612822,-0.4672385299082753,0.7085767519533214,-4.5564685353442,training
E2(exo),2-norbornanone (exo),KPMKEVXVVHNIEY-GDVGLLTNSA-N,0.5061094003213791,0,0.6802624659619347,3.254084302929517,1.2847741897911868,0.6978725085854304,-4.5564685353442,training
D5,cycloheptanone,CGZZMOTZOONQIA-HOSYLAQJSA-N,-0.5417615135950751,0,-0.6489467175220978,4.073860206013286,-0.7014328273982037,0.5350944392070208,-4.5564685353442,training
C7,"1,1-diphenylacetone",DBNWBEGCONIRGQ-UHFFFAOYSA-N,-0.5180692507674259,0,-0.5074581154425672,4.067348902191371,-0.5878310324313917,0.5694925501416526,-4.5564685353442,training
C1,2'-acetonaphthone,XSAYZAUNJMRRIR-UHFFFAOYSA-N,-0.4811015603624227,0,-0.40559217909997614,3.5749845404394645,0.06124448489123648,0.5146473309135229,-4.5564685353442,training
D3,"2,2-dimethylcyclopentanone",FTGZMZBYOHMEPS-UHFFFAOYSA-N,-0.4772220477077166,0,-0.3316167975697306,4.77769333473615,-1.0316236506427607,0.4787820536810796,-4.5564685353442,training
D13(trans),"2,2,6-trimethylcyclohexanone (trans)",ZPVOLGVTNLDBFI-SSDOTTSWSA-N,-0.738058924470881,0,-0.8191751967146192,1.6638162903825993,1.3542708979013347,0.7192061503456469,-4.5564685353442,training
D13(cis),"2,2,6-Trimethylcyclohexanone-2",ZPVOLGVTNLDBFI-ZETCQYMHSA-N,-0.119038461443138,0,-0.10341211503078096,3.6562722896487356,0.0747441843740174,0.7220399462906664,-4.5564685353442,training
C13,5-nonanone,WSGCRAOTEDLMFQ-CDYZYAPPSA-N,-0.2799376933401825,0,0.08793793089047064,4.395938213737367,-0.2484561862092992,0.4969244387066023,-4.5564685353442,training
D15,"3,3,5,5-tetramethylcyclohexan-1-one",OQJMHUOCLRCSED-HOSYLAQJSA-N,-0.2711277995120343,0,-0.2700377849099844,2.6228035391423536,1.1269098813743614,0.5367173299174993,-4.5564685353442,training
A1,acetophenone,KWOLFJPFCHCOCG-UHFFFAOYSA-N,-0.2513599155992569,0,-0.3069423844842669,3.613816337055681,0.2047714321198656,0.4309383816843858,-4.5564685353442,training
A16,isobutyrophenone,BSMGLVDZZMBWQB-UHFFFAOYSA-N,-0.2254492664000439,0,-0.049860287475882004,3.7188524877645444,0.2329671811694203,0.5547885789343533,-4.5564685353442,training
A7,3'-methylacetophenone,FSPSELPMWGWDRY-UHFFFAOYSA-N,-0.2106493011682326,0,-0.2600859204873709,3.583504677606896,0.254995805032315,0.45788213221761903,-4.5564685353442,training
A8,3'-methoxyacetophenone,BAYUSCHCCGXLAY-UHFFFAOYSA-N,-0.2092560146496584,0,-0.37410842088221585,3.561178848767677,0.050832932082229644,0.5703483336120774,-4.5564685353442,training
B1,1-indanone,QNXSIUBBGPHDDE-UHFFFAOYSA-N,-0.1954892739093503,0,-0.22527563626164948,4.364968148058663,-0.6469934708040198,0.6132182218279081,-4.5564685353442,training
A14,propiophenone,KRIOVPPHQSLHCZ-UHFFFAOYSA-N,-0.1400583315037466,0,-0.3824694522437797,3.9916251520125225,-0.2307185087025127,0.41309243979041077,-4.5564685353442,training
A20,cyclobutyl phenyl ketone,MVEBDOSCXOQNAR-UHFFFAOYSA-N,-0.0974091110819693,0,-0.05586386385053288,3.708039613454907,0.37941342496411,0.41315163307465064,-4.5564685353442,training
B3,1-tetralone,XHLHPRDBBAGVEG-UHFFFAOYSA-N,-0.0937948587991926,0,-0.01989413247920524,4.228211890695096,-0.24684675355989588,0.5552092657297932,-4.5564685353442,training
A23,cyclohexyl phenyl ketone,BMFYCFSWWDXEPB-UHFFFAOYSA-N,-0.0589611591714685,0,-0.022031665946212087,3.94700082363112,0.04711496629423502,0.540321079472633,-4.5564685353442,training
A19,valerophenone,XKGLSKVNOSHTAD-UHFFFAOYSA-N,-0.0558324786773984,0,0.21135518262554331,4.444827031874626,-0.22936862878801256,0.55236531488313,-4.5564685353442,training
A15,butyrophenone,FFSAXUULYPJSKH-UHFFFAOYSA-N,-0.0529082113950267,0,0.16116394871483664,4.407188422315863,-0.2423197524719839,0.5527638142151565,-4.5564685353442,training
B4,1-benzosuberone,KWHUHTFXMNQHAA-UHFFFAOYSA-N,-0.0133189733864232,0,0.050129089313939446,3.8967576318551176,0.281881908619901,0.42795808418312026,-4.5564685353442,training
A24,benzophenone,RWCCWEUUXYIKHB-KHWBWMQUSA-N,0.0,0,0.0017542576476934357,4.696329978053311,-0.7266602028009791,0.5885530177395605,-4.5564685353442,training
A2,4'-methylacetophenone,GNKZMNRKLCTJAY-UHFFFAOYSA-N,0.1594150996807537,0,-0.08347386565464632,3.5856351958186443,0.46537938533869944,0.4219800885322107,-4.5564685353442,training
A22,cyclopentyl phenyl ketone,VYDIMQRLNMMJBW-UHFFFAOYSA-N,0.1675990426546959,0,0.08110129379794184,3.7570426534224497,0.2817885958368525,0.59873857988284,-4.5564685353442,training
D16(trans),(-)-menthone (eq),NFLGAXVYCFJBMK-DTWKUNHWSA-N,0.0980106316538212,0,-0.09753527416415686,2.8367513792392853,1.0643786712667662,0.5578032106739916,-4.5564685353442,training
D16(cis),(-)-menthone (ax),NFLGAXVYCFJBMK-BDAKNGLRSA-N,0.277006797251848,0,-0.06998389313015085,4.578009229242002,-0.649772646955673,0.5582480599277203,-4.5564685353442,training
A17,cyclopropyl phenyl ketone,PJRHFTYXYCVOSJ-UHFFFAOYSA-N,0.2126191251097753,0,0.8957754908912445,4.523376945283042,0.4034507682039443,0.525416312748458,-4.5564685353442,training
D6,cyclooctanone,IIRFCWANHMSDCG-PTQBSOBMSA-N,0.2759783394108414,0,0.2343113755284545,3.528984190669994,0.5850408663653215,0.6767548538373395,-4.5564685353442,training
D2(trans),2-cyclopentylcyclopentanone(trans),CWZGKTMWPFTJCS-SECBINFHSA-N,0.3359480904225796,0,0.21290647067331214,4.7868586887525115,-0.49787396603483464,0.480390283299835,-4.5564685353442,training
D2(cis),2-cyclopentylcyclopentanone(cis),CWZGKTMWPFTJCS-VIFPVBQESA-N,0.3581254553855987,0,0.26276809018643554,5.1255296727544275,-0.7955170023734199,0.4892239551496282,-4.5564685353442,training
D7,cyclododecanone,SXVPOSFURRDKBO-DETAZLGJSA-N,0.5096612923312198,0,0.5682695189566216,4.0571752813294335,0.5658535925271975,0.501709180444191,-4.5564685353442,training
A3,4'-methoxyacetophenone,NTPLXRHDUXRPNE-UHFFFAOYSA-N,0.5606068545679082,0,0.08110496057306449,3.5916159135114385,0.5982300954541309,0.44772748695169456,-4.5564685353442,training
A21,isovalerophenone,HEOVGVNITGAUKL-UHFFFAOYSA-N,0.5650356173405527,0,0.41183275287271925,4.5009535441064035,-0.15387524536524982,0.6212229894757638,-4.5564685353442,training
C15,dicyclohexylketone,TWXWPPKDQOWNSX-KHWBWMQUSA-N,0.8026917544773513,0,0.6924695523964832,4.368622692673251,0.29257859721730495,0.5877367978501264,-4.5564685353442,training
B9,dibenzosuberone,BMVWCPGVLSILMU-KCKQSJSWSA-N,1.0227972649177022,0,0.868551396723559,4.78461775154668,0.0670587210851873,0.5733434594358928,-4.5564685353442,training
C14,"2,6-dimethyl-4-heptanone",PTTPXKJBFFKCEK-HOSYLAQJSA-N,1.3304461412441473,0,1.2141566312738918,5.318926995925897,-0.07271043110035305,0.5244086017925501,-4.5564685353442,training
B8,"10,10-Dimethylanthracen-9(10H)-one",GWFCYDIAPRIMLA-KHWBWMQUSA-N,2.1795873047595022,0,2.1436581363116076,4.459943612958675,1.7837476397481304,0.4564354189490019,-4.5564685353442,training
E1(exo),camphor (exo),DSSYKIVIOFKYAU-OMNKOJBGSA-N,2.1697308915268367,0,2.1310195154566287,4.552639966447496,1.4362925398817186,0.6985555444716145,-4.5564685353442,training
E1(endo),camphor (endo),DSSYKIVIOFKYAU-MHPPCMCBSA-N,3.146899727358534,0,3.0721028630311435,3.8970581935434696,3.027342449617977,0.7041707552138959,-4.5564685353442,training
E3(endo),fenchone (endo),LHXDLQBQYFFVNW-OMNKOJBGSA-N,2.1442643279612725,0,2.200338384996508,5.190051644822882,0.8815382214066465,0.685217054111178,-4.5564685353442,training
E3(exo),fenchone (exo),LHXDLQBQYFFVNW-MHPPCMCBSA-N,3.700674570202056,0,3.6238614895799817,4.886094550203917,2.6160784606756757,0.6781570140445883,-4.5564685353442,training
A25,"2,2,2-triphenylacetophenone",CFBBKHROQRFCNZ-UHFFFAOYSA-N,2.8301120538556637,0,2.7097504489428648,5.267093573606549,1.4461166628713338,0.5530087478091803,-4.5564685353442,training
A13,Benzoylacetonitrile,ZJRCIQAMTAINCB-UHFFFAOYSA-N,-2.112959551268899,0,-2.045879580033448,3.3250710718894188,-1.398290079931797,0.5838079633531306,-4.5564685353442,training
E5(exo),Bicyclo[2.2.2]hept-5en-2one(exo),HUQXEIFQYCVOPD-RITPCOANSA-N,0.9875977182979492,0,0.9400945365079281,3.5242049152290664,1.5047775714906657,0.4675805851323957,-4.5564685353442,training
E5(endo),Bicyclo[2.2.2]hept-5en-2one(endo),HUQXEIFQYCVOPD-NTSWFWBYSA-N,-0.7668173414850362,0,-0.7929617395040518,3.456368379839386,-0.16120121833610357,0.4683396343368658,-4.5564685353442,training
nan,Tropinone (exo),QQXLDOJGLXJCSE-UTGAQZLRSA-N,,1,0.6364918074367889,2.53177808438506,2.184759201229693,0.4764230571662363,-4.5564685353442,excluded_monoketone
nan,Tropinone (endo),QQXLDOJGLXJCSE-FWGGZQILSA-N,,1,-0.9174716613184648,3.6357278032021028,-0.46140941721296375,0.4646784880365975,-4.5564685353442,excluded_monoketone
D17,"1,4-Cyclohexanedion monoethyleneketal",VKRKCBWIVLSRBJ-OUBTZVSYSA-N,-2.2666243335044904,0,-2.341524477387349,2.138747700803879,-0.4619289823722954,0.5381253395252674,-4.5564685353442,training
D18(cis),Isopherone Oxide(cis),ROTNQFPVXVZSRL-IONNQARKSA-N,-1.34298941868013,1,2.056921365307848,3.11231968052283,3.0534554140874888,0.4476148060417279,-4.5564685353442,excluded_monoketone
D18(trans),Isopherone Oxide(trans),ROTNQFPVXVZSRL-APPZFPTMSA-N,-2.4150802238404143,1,0.5802687848931587,4.209541086844312,0.44762032095237786,0.47957591244066816,-4.5564685353442,excluded_monoketone
C12,dicyclopropyl ketone,BIPUHAHGLJKIPK-UHFFFAOYSA-N,1.867671642390036,0,1.531910242747017,4.908702133430242,0.5492775782096931,0.6303990664512822,-4.5564685353442,training
C10,6-methyl-5-hepten-2-one,UHEPJGULSIKKTP-UHFFFAOYSA-N,-0.9096373785584596,0,-0.9231381584280505,3.507629609216592,-0.40147251966217706,0.5271732873617341,-4.5564685353442,training
nan,4-Hydroxy-2-butanone,LVSQXDHWDCMMRJ-UHFFFAOYSA-N,,1,-2.6046773195941597,3.1585158061030225,-1.6582746063701426,0.45155001601716055,-4.5564685353442,excluded_monoketone
nan,Methyl Acetoacetate,WRQNANDWMGAFTP-UHFFFAOYSA-N,,1,-2.52058787942828,2.6635183875425907,-1.1242445847639468,0.4966068531372756,-4.5564685353442,excluded_monoketone
nan,2-Hydroxyacetophenone,ZWVHTXAYIKBMEE-UHFFFAOYSA-N,,1,-1.4323427111305334,3.826928770259107,-1.3282649817366319,0.625462035691191,-4.5564685353442,excluded_monoketone
a1,"5α-Pregnane-3,20-dione (Reduction of diketone to axial-3ol)",XMRPGKVKISIQBV-KEOHVNNOSA-N,,1,-1.4758101530811407,3.817416910244081,-1.3210545962709048,0.5842960682898828,-4.5564685353442,diketone_test
a2,"5α-Pregnane-3,20-dione (Reduction of diketone to equatorial-3ol)",XMRPGKVKISIQBV-RCNOZMPMSA-N,,1,-1.9422492213538143,0.49840906728515866,1.5236650676165664,0.5921451790886608,-4.5564685353442,diketone_test
a3,"5α-Pregnane-3,20-dione (Reduction of diketone to cis-20ol)",XMRPGKVKISIQBV-XAHUAHKPSA-N,,1,2.445146116011343,4.300686498505903,2.024513860354709,0.6764142924949301,-4.5564685353442,diketone_test
a4,"5α-Pregnane-3,20-dione (Reduction of diketone to trans-20ol)",XMRPGKVKISIQBV-WGDJUOIDSA-N,,1,-0.4506554080217935,4.386748651157442,-0.9704350374839144,0.6894995136488798,-4.5564685353442,diketone_test
a13,"5α-Pregnane-3,20-dione (Reduction of axial-3 to cis-20ol)",AURFZBICLPNKBZ-LNUOHZHLSA-N,,1,2.429046969727983,4.256971950764313,2.1144290908349386,0.6141144634729317,-4.5564685353442,diketone_test
a14,"5α-Pregnane-3,20-dione (Reduction of axial-3ol to trans-20ol)",AURFZBICLPNKBZ-BKZNRXDMSA-N,,1,-0.290093680768174,4.326378545201419,-0.6733823451000058,0.613378654474613,-4.5564685353442,diketone_test
a23,"5α-Pregnane-3,20-dione (Reduction of equatorial-3ol to cis-20ol)",AURFZBICLPNKBZ-KRXPQHRASA-N,,1,2.376206883982503,4.237163828443731,2.1267436270531763,0.5687679638297953,-4.5564685353442,diketone_test
a24,"5α-Pregnane-3,20-dione (Reduction of equatorial-3ol to trans-20ol)",AURFZBICLPNKBZ-VYMTVNFKSA-N,,1,-0.46282917629711484,4.353384950695912,-0.8298926655020749,0.5701470738532473,-4.5564685353442,diketone_test
a41,"5α-Pregnane-3,20-dione (Reduction of trans-20ol to axial-3ol)",DYVGYXXLXQESJE-ASZUNUTGSA-N,,1,-1.1922914349101146,3.8049821193090057,-1.115375674502954,0.6745706556280351,-4.5564685353442,diketone_test
a42,"5α-Pregnane-3,20-dione (Reduction of trans-20ol to equatorial-3ol)",DYVGYXXLXQESJE-VMCDEYIWSA-N,,1,-1.986642702837198,0.47153629924836876,1.4166647814029039,0.6816247518557295,-4.5564685353442,diketone_test
a31,"5α-Pregnane-3,20-dione (Reduction of cis-20ol to axial-3ol)",DYVGYXXLXQESJE-IEPKGJLISA-N,,1,-1.2319729478073063,3.830124142741239,-1.0212254848246984,0.5155969296203535,-4.5564685353442,diketone_test
a32,"5α-Pregnane-3,20-dione (Reduction of cis-20ol to equatorial-3ol)",DYVGYXXLXQESJE-FXIFETPDSA-N,,1,-2.0286505031585396,0.5114817392740729,1.4918900774786057,0.524446215432982,-4.5564685353442,diketone_test
b1,"24-nor-5β-chol-22-ene-3,6-dione (diketone to trans-3ol)",FKXQMWVVHBPGAM-YDEWJKEYSA-N,,1,-3.231695015699876,0.3601739006698065,0.41006987682611235,0.5545297421484053,-4.5564685353442,diketone_test
b2,"24-nor-5β-chol-22-ene-3,6-dione (diketone to cis-3ol)",FKXQMWVVHBPGAM-SBUADZPKSA-N,,1,-2.1414783164118814,4.479700556414856,-2.6095876422597692,0.5448773047772318,-4.5564685353442,diketone_test
b3,"24-nor-5β-chol-22-ene-3,6-dione (diketone to trans-6ol)",FKXQMWVVHBPGAM-ZZVOHZKGSA-N,,1,-0.280291023083338,0.7729015408284814,3.027223254233953,0.4760527171984264,-4.5564685353442,diketone_test
b4,"24-nor-5β-chol-22-ene-3,6-dione (diketone to cis-6ol)",FKXQMWVVHBPGAM-SSWDLXJHSA-N,,1,-0.8378542122378985,3.5282561575121734,-0.26985698744062986,0.46021515303475724,-4.5564685353442,diketone_test
b13,"24-nor-5β-chol-22-ene-3,6-dione (trans-3ol to trans-6ol)",GQPXPLNWQRGXOX-CNBRFADUSA-N,,1,-1.3199856328016901,4.078541058653986,-1.3556782853582616,0.5136201292467859,-4.5564685353442,diketone_test
b14,"24-nor-5β-chol-22-ene-3,6-dione (trans-3ol to cis-6ol)",GQPXPLNWQRGXOX-RQSFXVAFSA-N,,1,1.7236142451001744,4.899746394465037,0.8655585779541624,0.5147778080251759,-4.5564685353442,diketone_test
b23,"24-nor-5β-chol-22-ene-3,6-dione (cis-3ol to trans-6ol)",GQPXPLNWQRGXOX-BJCYANKKSA-N,,1,-0.5037819024744232,0.8937310386147096,2.611113410876564,0.5478421833785034,-4.5564685353442,diketone_test
b24,"24-nor-5β-chol-22-ene-3,6-dione (cis-3ol to cis-6ol)",GQPXPLNWQRGXOX-DVSYPHBRSA-N,,1,-0.354469835411126,3.5998009352077687,0.07133370880901238,0.530864055916292,-4.5564685353442,diketone_test
b31,"24-nor-5β-chol-22-ene-3,6-dione (trans-6ol to trans-3ol)",MTFFDDCFMIWJPC-NOGVDBCPSA-N,,1,-2.2583169138371844,0.40237731654339937,1.3294648484821143,0.5663094564815021,-4.5564685353442,diketone_test
b32,"24-nor-5β-chol-22-ene-3,6-dione (trans-6ol to cis-3ol)",MTFFDDCFMIWJPC-XNVXNBRISA-N,,1,-1.2091161388057232,4.298814662643555,-1.5060953540432764,0.5546330879381994,-4.5564685353442,diketone_test
b41,"24-nor-5β-chol-22-ene-3,6-dione (cis-6ol to trans-3ol)",MTFFDDCFMIWJPC-XIEGWDQJSA-N,,1,-2.6967896305345067,0.5647833311625692,0.6215823917095384,0.6733131819375862,-4.5564685353442,diketone_test
b42,"24-nor-5β-chol-22-ene-3,6-dione (cis-6ol to cis-3ol)",MTFFDDCFMIWJPC-CMOIDRFCSA-N,,1,-1.6836925910054537,4.278975870538294,-2.072752631252596,0.6665527050530491,-4.5564685353442,diketone_test
c1,"4-benzoyl-3-phenyl-3,4-dihydronaphthalen-1(2H)-one  (diketone to trans-1ol)",JZYUFCHBGFELAZ-DVPIJTCCSA-N,,1,0.42744269028264714,4.733019947083008,-0.2411165765462058,0.4920078550900446,-4.5564685353442,diketone_test
c2,"4-benzoyl-3-phenyl-3,4-dihydronaphthalen-1(2H)-one  (diketone to cis-1ol)",JZYUFCHBGFELAZ-LRLPPDEGSA-N,,1,-0.324691019315952,4.336866102923028,-0.6032789509925878,0.49819036409780726,-4.5564685353442,diketone_test
c3,"4-benzoyl-3-phenyl-3,4-dihydronaphthalen-1(2H)-one  (diketone to trans-methanol)",JZYUFCHBGFELAZ-BROKRERSSA-N,,1,1.8555604956682243,5.5684962822155,0.3194905546895486,0.5240421941073737,-4.5564685353442,diketone_test
c4,"4-benzoyl-3-phenyl-3,4-dihydronaphthalen-1(2H)-one  (diketone to cis-methanol)",JZYUFCHBGFELAZ-OYPDEIEDSA-N,,1,3.8156302523745698,6.258883657289243,1.598852163621843,0.5143629668076865,-4.5564685353442,diketone_test
c13,"4-benzoyl-3-phenyl-3,4-dihydronaphthalen-1(2H)-one (trans-1ol to trans-methanol)",CPGUTDZBKMREHK-QFFGSERESA-N,,1,2.8639996852100245,5.641393114685878,1.2907108456304786,0.4883642602378689,-4.5564685353442,diketone_test
c14,"4-benzoyl-3-phenyl-3,4-dihydronaphthalen-1(2H)-one (trans-1ol to cis-methanol)",CPGUTDZBKMREHK-PSJJKCFBSA-N,,1,4.331110714921973,6.689989810178683,1.7143654702560815,0.48322396983140814,-4.5564685353442,diketone_test
c23,"4-benzoyl-3-phenyl-3,4-dihydronaphthalen-1(2H)-one (cis-1ol to trans-methanol)",CPGUTDZBKMREHK-VNSKILTCSA-N,,1,2.436294839383846,5.5677006506745315,0.9124276052155149,0.5126351188380002,-4.5564685353442,diketone_test
c24,"4-benzoyl-3-phenyl-3,4-dihydronaphthalen-1(2H)-one (cis-1ol to cis-methanol)",CPGUTDZBKMREHK-WPLBZINNSA-N,,1,4.0242847609513355,6.590080619179583,1.4844483992546833,0.5062242778612698,-4.5564685353442,diketone_test
c31,"4-benzoyl-3-phenyl-3,4-dihydronaphthalen-1(2H)-one (trans-methanol to trans-1ol)",DLDDAANYSAREPT-WWFPUDJXSA-N,,1,1.6086841880667269,5.333618713693662,0.24678706104340087,0.584746948673862,-4.5564685353442,diketone_test
c32,"4-benzoyl-3-phenyl-3,4-dihydronaphthalen-1(2H)-one (trans-methanol to cis-1ol)",DLDDAANYSAREPT-RZXYCCSUSA-N,,1,0.38092361968482,4.600993273354631,-0.25695910110389053,0.5933579827782786,-4.5564685353442,diketone_test
c41,"4-benzoyl-3-phenyl-3,4-dihydronaphthalen-1(2H)-one (cis-methanol to trans-1ol)",DLDDAANYSAREPT-ZAXYEOTCSA-N,,1,0.785408570046525,4.375917687839748,0.5850988007136743,0.38086061683730144,-4.5564685353442,diketone_test
c42,"4-benzoyl-3-phenyl-3,4-dihydronaphthalen-1(2H)-one (cis-methanol to cis-1ol)",DLDDAANYSAREPT-RWZHDOEGSA-N,,1,0.6273209578428958,4.6140200232415305,0.19158838199119022,0.378181087954374,-4.5564685353442,diketone_test
d1,"5-benzoyloctahydro-7-nitro-3-oxo-4,6-diphenyl-1H-indene-5-carbonitrile (diketone to trans-3ol)",PLSRWRBYAQQGNN-YMICIMMMSA-N,,1,-1.185836806808548,4.791867870598342,-1.9974629942758446,0.5762268522131537,-4.5564685353442,diketone_test
d2,"5-benzoyloctahydro-7-nitro-3-oxo-4,6-diphenyl-1H-indene-5-carbonitrile (diketone to cis-3ol)",PLSRWRBYAQQGNN-PGRCEAHZSA-N,,1,0.0699202666267631,4.638951102076808,-0.579017029946501,0.5664547298406571,-4.5564685353442,diketone_test
d3,"5-benzoyloctahydro-7-nitro-3-oxo-4,6-diphenyl-1H-indene-5-carbonitrile (diketone to trans-methanol)",PLSRWRBYAQQGNN-UWMVLEJGSA-N,,1,3.7725647916236245,7.328097994271159,0.6116105393822551,0.3893247933144116,-4.5564685353442,diketone_test
d4,"5-benzoyloctahydro-7-nitro-3-oxo-4,6-diphenyl-1H-indene-5-carbonitrile (diketone to cis-methanol)",PLSRWRBYAQQGNN-DDOBXCKSSA-N,,1,4.925584783093528,8.036500414257414,1.021118139933941,0.424434764246374,-4.5564685353442,diketone_test
d13,"5-benzoyloctahydro-7-nitro-3-oxo-4,6-diphenyl-1H-indene-5-carbonitrile (trans-3ol to trans-methanol)",PVVDMQFIFUBDPK-DBCKSZCESA-N,,1,3.802352681868472,7.420272597538898,0.5277230372169154,0.4108255824568581,-4.5564685353442,diketone_test
d14,"5-benzoyloctahydro-7-nitro-3-oxo-4,6-diphenyl-1H-indene-5-carbonitrile (trans-3ol to cis-methanol)",PVVDMQFIFUBDPK-JIFCSIQBSA-N,,1,4.626408673639807,7.9960727818382304,0.736780145632263,0.4500242815135153,-4.5564685353442,diketone_test
d23,"5-benzoyloctahydro-7-nitro-3-oxo-4,6-diphenyl-1H-indene-5-carbonitrile (cis-3ol to trans-methanol)",PVVDMQFIFUBDPK-NDZOIIPPSA-N,,1,4.051573050842347,7.408439729765148,0.788569323377901,0.4110325330434981,-4.5564685353442,diketone_test
d24,"5-benzoyloctahydro-7-nitro-3-oxo-4,6-diphenyl-1H-indene-5-carbonitrile (cis-3ol to cis-methanol)",PVVDMQFIFUBDPK-GTENJMHGSA-N,,1,4.948223843621081,8.02341179905249,1.028418697553295,0.45286188235949476,-4.5564685353442,diketone_test
d31,"5-benzoyloctahydro-7-nitro-3-oxo-4,6-diphenyl-1H-indene-5-carbonitrile (trans-methanol to trans-3ol)",NRDYHKKVKIBAKC-MNOSHWMVSA-N,,1,-1.639992641190462,4.888070660938403,-2.386247823460163,0.4146530566754977,-4.5564685353442,diketone_test
d32,"5-benzoyloctahydro-7-nitro-3-oxo-4,6-diphenyl-1H-indene-5-carbonitrile (cis-methanol to cis-3ol)",NRDYHKKVKIBAKC-OWQDIHQOSA-N,,1,0.5646619075146635,4.54098690815426,0.012015572497354209,0.5681279622072488,-4.5564685353442,diketone_test
d41,"5-benzoyloctahydro-7-nitro-3-oxo-4,6-diphenyl-1H-indene-5-carbonitrile (cis-methanol to trans-3ol)",NRDYHKKVKIBAKC-JOSUAJGWSA-N,,1,-0.8771951320425022,4.87854306904129,-1.7781967214968093,0.5789270557572153,-4.5564685353442,diketone_test
d42,"5-benzoyloctahydro-7-nitro-3-oxo-4,6-diphenyl-1H-indene-5-carbonitrile (trans-methanol to cis-3ol)",NRDYHKKVKIBAKC-YSWLJETKSA-N,,1,0.25844097664853116,4.598913324892049,-0.18829151782423054,0.40428770492491156,-4.5564685353442,diketone_test
e1,"3β,18-Cyclo-ent-trachylobane-14,15-dione (diketone to exo-15ol)",UVBDRYIUPXGITC-LBAGWYSSSA-N,,1,2.0992829538050923,5.296951570763913,0.7769921587276378,0.581807759657739,-4.5564685353442,diketone_test
e2,"3β,18-Cyclo-ent-trachylobane-14,15-dione (diketone to endo-15ol)",UVBDRYIUPXGITC-CGTNMINPSA-N,,1,-1.7517112710436855,4.692802537232665,-2.459771476200903,0.5717262032687531,-4.5564685353442,diketone_test
e3,"3β,18-Cyclo-ent-trachylobane-14,15-dione (diketone to exo-14ol)",UVBDRYIUPXGITC-YEOVCMATSA-N,,1,1.6201240381972761,4.2624097512042285,1.3335216750510899,0.5806611472861596,-4.5564685353442,diketone_test
e4,"3β,18-Cyclo-ent-trachylobane-14,15-dione (diketone to endo-14ol)",UVBDRYIUPXGITC-DOYIJFFUSA-N,,1,-0.05156136682302659,5.123373103788299,-1.174809268355089,0.5563433330879648,-4.5564685353442,diketone_test
e13,"3β,18-Cyclo-ent-trachylobane-14,15-dione (exo-15ol to exo-14ol)",IVOMJTYTUMAEPU-BNYPWJEISA-N,,1,2.201998341776217,4.570250316684621,1.6762372963128114,0.5119792641229831,-4.5564685353442,diketone_test
e14,"3β,18-Cyclo-ent-trachylobane-14,15-dione (exo-15ol to endo-14ol)",IVOMJTYTUMAEPU-IFVVCBRGSA-N,,1,3.577454434582391,5.2285723586416655,2.4018817455204924,0.5034688657644327,-4.5564685353442,diketone_test
e23,"3β,18-Cyclo-ent-trachylobane-14,15-dione (endo-15ol to exo-14ol)",IVOMJTYTUMAEPU-NHUKILISSA-N,,1,2.437744071409128,4.762377480308515,1.624891279936417,0.6069438465083955,-4.5564685353442,diketone_test
e24,"3β,18-Cyclo-ent-trachylobane-14,15-dione (endo-15ol to endo-14ol)",IVOMJTYTUMAEPU-NTZOYJIVSA-N,,1,4.493417966946124,5.115833121015414,3.3540015562176846,0.5800518250572257,-4.5564685353442,diketone_test
e31,"3β,18-Cyclo-ent-trachylobane-14,15-dione (exo-14ol to exo-15ol)",CIHUIHZNFZBJLT-YMEMZECQSA-N,,1,3.0351097055258007,5.567788161007491,1.565664593493637,0.45812548636887374,-4.5564685353442,diketone_test
e32,"3β,18-Cyclo-ent-trachylobane-14,15-dione (exo-14ol to endo-15ol)",CIHUIHZNFZBJLT-NIHYJFBUSA-N,,1,2.0470291352170964,4.586207145119534,1.551378757839263,0.46591176760250014,-4.5564685353442,diketone_test
e41,"3β,18-Cyclo-ent-trachylobane-14,15-dione (endo-14ol to exo-15ol)",CIHUIHZNFZBJLT-FLCNWGKISA-N,,1,2.555055061149231,5.292380634264465,1.1571212453225725,0.6620217169063939,-4.5564685353442,diketone_test
e42,"3β,18-Cyclo-ent-trachylobane-14,15-dione (endo-14ol to endo-15ol)",CIHUIHZNFZBJLT-SVCHTCNZSA-N,,1,1.3780542571391834,4.594322038844693,0.6907481622088408,0.6494525914298501,-4.5564685353442,diketone_test
f1,"Neopupukean-11(13)-en-4,10-dione (diketone to endo-cyclopentanol)",OLTFXJBPGNUYCS-SXWDLQOWSA-N,,1,-1.966891798652271,4.61054203171511,-2.6452374325572188,0.6242721375340372,-4.5564685353442,diketone_test
f2,"Neopupukean-11(13)-en-4,10-dione (diketone to exo-cyclopentanol)",OLTFXJBPGNUYCS-HMOKLJILSA-N,,1,1.3726549029116404,4.8444993377034375,0.4600459229885327,0.6245781775638704,-4.5564685353442,diketone_test
f3,"Neopupukean-11(13)-en-4,10-dione (diketone to endo-cyclohexanol)",OLTFXJBPGNUYCS-UQVPQUPTSA-N,,1,0.7145238179530402,3.587732439076483,1.1775609407466743,0.5056989734740819,-4.5564685353442,diketone_test
f4,"Neopupukean-11(13)-en-4,10-dione (diketone to exo-cyclohexanol)",OLTFXJBPGNUYCS-TUZJZFOZSA-N,,1,-0.6530033117206653,3.308238210116629,0.10006679353396629,0.49516021997293747,-4.5564685353442,diketone_test
f31,"Neopupukean-11(13)-en-4,10-dione (endo-cyclohexanol to endo-cyclopentanol)",YNUSLOYDHGAYPB-XFQCTZMHSA-N,,1,-0.8098928929321243,4.139490063569429,-0.9843072208856255,0.5913927997282716,-4.5564685353442,diketone_test
f41,"Neopupukean-11(13)-en-4,10-dione (exo-cyclohexanol to endo-cyclopentanol)",YNUSLOYDHGAYPB-DUGYZFACSA-N,,1,-1.3113127497421786,4.8218483956134515,-2.133067598934206,0.5563749889227739,-4.5564685353442,diketone_test
f42,"Neopupukean-11(13)-en-4,10-dione (exo-cyclohexanol to exo-cyclopentanol)",YNUSLOYDHGAYPB-PVGPVLRXSA-N,,1,1.2522670288132582,4.368453881705031,0.8828222629926338,0.5574594194597942,-4.5564685353442,diketone_test
f32,"Neopupukean-11(13)-en-4,10-dione (endo-cyclohexanol to exo-cyclopentanol)",YNUSLOYDHGAYPB-KGJWWKPOSA-N,,1,1.9050668129438444,3.658458088028064,2.208956114557576,0.5941211457024047,-4.5564685353442,diketone_test
f13,"Neopupukean-11(13)-en-4,10-dione (endo-cyclopentanol to endo-cyclohexanol)",YRPUMHYLNYRQGZ-RGVIPMAXSA-N,,1,0.5061053033536504,3.415271682589905,1.148024551008025,0.4992776050999213,-4.5564685353442,diketone_test
f23,"Neopupukean-11(13)-en-4,10-dione (exo-cyclopentanol to endo-cyclohexanol)",YRPUMHYLNYRQGZ-SMKLAQEQSA-N,,1,0.38485685533337843,3.462739363344361,0.8917547415947795,0.5868312857384383,-4.5564685353442,diketone_test
f24,"Neopupukean-11(13)-en-4,10-dione (exo-cyclopentanol to exo-cyclohexanol)",YRPUMHYLNYRQGZ-HEENYJBUSA-N,,1,2.1521827231366206,3.777885183432929,2.349519687406712,0.5812463876411783,-4.5564685353442,diketone_test
f14,"Neopupukean-11(13)-en-4,10-dione (endo-cyclopentanol to exo-cyclohexanol)",YRPUMHYLNYRQGZ-ZUBQCWPDSA-N,,1,-0.32732687191806864,3.626117527529473,0.10905417286871119,0.4939699630279479,-4.5564685353442,diketone_test
C9,5-Chloro-2-pentanone,XVRIEWDDMODMGA-UHFFFAOYSA-N,-1.2087555629071842,0,-1.1792553115810445,3.776968709412279,-0.9553503890283692,0.5555949033792454,-4.5564685353442,training
C17,5-methyl-3-heptanone,PSBKJPTZCVYXSD-UHFFFAOYSA-N,0.3876474635333945,0,0.21138042665523482,4.443625561661114,-0.21759419070222513,0.5418175910405465,-4.5564685353442,training
A100,2'-aminoacetophenone,GTDQGKWDWVUKTI-UHFFFAOYSA-N,1.9652069632117553,1,-0.21579756141266415,3.9414562392844066,-0.19861054450751955,0.5978252791546487,-4.5564685353442,excluded_monoketone
C11,trans-benzalacetone,BWHOZHOGCMHOBV-BQYQJAHWSA-N,-0.505017043351223,1,-1.3022104769697096,2.522706824092475,0.17867342952715934,0.5528778047548557,-4.5564685353442,excluded_monoketone
x1,"1,3-Diacetylbenzene",VCHOFVSNWYPAEF-CDYZYAPPSA-N,,1,-1.1162134665314465,3.3539116319579514,-0.4875275553963936,0.5738709922511963,-4.5564685353442,diketone_test
x2,"1,3-Diacetylbenzene",VCHOFVSNWYPAEF-CDYZYAPPSA-N,,1,-1.1162134665314465,3.3539116319579514,-0.4875275553963936,0.5738709922511963,-4.5564685353442,diketone_test
x3,"1,3-Diacetylbenzene",VCHOFVSNWYPAEF-CDYZYAPPSA-N,,1,-1.1162134665314465,3.3539116319579514,-0.4875275553963936,0.5738709922511963,-4.5564685353442,diketone_test
x4,"1,3-Diacetylbenzene",VCHOFVSNWYPAEF-CDYZYAPPSA-N,,1,-1.1162134665314465,3.3539116319579514,-0.4875275553963936,0.5738709922511963,-4.5564685353442,diketone_test
x13,"1,3-Diacetylbenzene (Reduction to cis-diol)",YYRHKGUSBRUPHT-JGKGVNBQSA-N,,1,-0.69067882873675,3.4425637741654684,-0.01815730021022029,0.44138323265220264,-4.5564685353442,diketone_test
x14,"1,3-Diacetylbenzene (Reduction to trans-diol)",YYRHKGUSBRUPHT-BAZIHRRBSA-N,,1,-0.5821927910388673,3.496571405114493,0.035361720165756075,0.4423426190250847,-4.5564685353442,diketone_test
x23,"1,3-Diacetylbenzene (Reduction to trans-diol)",YYRHKGUSBRUPHT-BAZIHRRBSA-N,,1,-0.5821927910388673,3.496571405114493,0.035361720165756075,0.4423426190250847,-4.5564685353442,diketone_test
x24,"1,3-Diacetylbenzene (Reduction to cis-diol)",YYRHKGUSBRUPHT-JGKGVNBQSA-N,,1,-0.69067882873675,3.4425637741654684,-0.01815730021022029,0.44138323265220264,-4.5564685353442,diketone_test
x31,"1,3-Diacetylbenzene (Reduction to cis-diol)",YYRHKGUSBRUPHT-JGKGVNBQSA-N,,1,-0.69067882873675,3.4425637741654684,-0.01815730021022029,0.44138323265220264,-4.5564685353442,diketone_test
x32,"1,3-Diacetylbenzene (Reduction to trans-diol)",YYRHKGUSBRUPHT-BAZIHRRBSA-N,,1,-0.5821927910388673,3.496571405114493,0.035361720165756075,0.4423426190250847,-4.5564685353442,diketone_test
x41,"1,3-Diacetylbenzene (Reduction to trans-diol)",YYRHKGUSBRUPHT-BAZIHRRBSA-N,,1,-0.5821927910388673,3.496571405114493,0.035361720165756075,0.4423426190250847,-4.5564685353442,diketone_test
x42,"1,3-Diacetylbenzene (Reduction to cis-diol)",YYRHKGUSBRUPHT-JGKGVNBQSA-N,,1,-0.69067882873675,3.4425637741654684,-0.01815730021022029,0.44138323265220264,-4.5564685353442,diketone_test
y1,"1,4-Diacetylbenzene",SKBBQSLSGRSQAJ-CDYZYAPPSA-N,,1,-1.0815178896593745,3.524783203784589,-0.5875422136899048,0.5377096555901408,-4.5564685353442,diketone_test
y2,"1,4-Diacetylbenzene",SKBBQSLSGRSQAJ-CDYZYAPPSA-N,,1,-1.0815178896593745,3.524783203784589,-0.5875422136899048,0.5377096555901408,-4.5564685353442,diketone_test
y3,"1,4-Diacetylbenzene",SKBBQSLSGRSQAJ-CDYZYAPPSA-N,,1,-1.0815178896593745,3.524783203784589,-0.5875422136899048,0.5377096555901408,-4.5564685353442,diketone_test
y4,"1,4-Diacetylbenzene",SKBBQSLSGRSQAJ-CDYZYAPPSA-N,,1,-1.0815178896593745,3.524783203784589,-0.5875422136899048,0.5377096555901408,-4.5564685353442,diketone_test
y13,"1,4-Diacetylbenzene (Reduction to cis-diol)",NWDDTMPWTLSMBS-JGKGVNBQSA-N,,1,-0.5207085154058362,3.470652661023807,0.10114649630937844,0.4639608626051778,-4.5564685353442,diketone_test
y14,"1,4-Diacetylbenzene (Reduction to trans-diol)",NWDDTMPWTLSMBS-BAZIHRRBSA-N,,1,-0.5047203450336593,3.4966421725048775,0.09142497488005716,0.4636810429256051,-4.5564685353442,diketone_test
y23,"1,4-Diacetylbenzene (Reduction to trans-diol)",NWDDTMPWTLSMBS-BAZIHRRBSA-N,,1,-0.5047203450336593,3.4966421725048775,0.09142497488005716,0.4636810429256051,-4.5564685353442,diketone_test
y24,"1,4-Diacetylbenzene (Reduction to cis-diol)",NWDDTMPWTLSMBS-JGKGVNBQSA-N,,1,-0.5207085154058362,3.470652661023807,0.10114649630937844,0.4639608626051778,-4.5564685353442,diketone_test
y31,"1,4-Diacetylbenzene (Reduction to cis-diol)",NWDDTMPWTLSMBS-JGKGVNBQSA-N,,1,-0.5207085154058362,3.470652661023807,0.10114649630937844,0.4639608626051778,-4.5564685353442,diketone_test
y32,"1,4-Diacetylbenzene (Reduction to trans-diol)",NWDDTMPWTLSMBS-BAZIHRRBSA-N,,1,-0.5047203450336593,3.4966421725048775,0.09142497488005716,0.4636810429256051,-4.5564685353442,diketone_test
y41,"1,4-Diacetylbenzene (Reduction to trans-diol)",NWDDTMPWTLSMBS-BAZIHRRBSA-N,,1,-0.5047203450336593,3.4966421725048775,0.09142497488005716,0.4636810429256051,-4.5564685353442,diketone_test
y42,"1,4-Diacetylbenzene (Reduction to cis-diol)",NWDDTMPWTLSMBS-JGKGVNBQSA-N,,1,-0.5207085154058362,3.470652661023807,0.10114649630937844,0.4639608626051778,-4.5564685353442,diketone_test
